district,date,disruption_index
Colombo,2024-01-01,100
Colombo,2024-01-02,81
Colombo,2024-01-03,100
Colombo,2024-01-04,100
Colombo,2024-01-05,98
Colombo,2024-01-06,100
Colombo,2024-01-07,100
Colombo,2024-01-08,100
Colombo,2024-01-09,100
Colombo,2024-01-10,100
Colombo,2024-01-11,100
Colombo,2024-01-12,76
Colombo,2024-01-13,98
Colombo,2024-01-14,100
Colombo,2024-01-15,98
Colombo,2024-01-16,100
Colombo,2024-01-17,100
Colombo,2024-01-18,98
Colombo,2024-01-19,98
Colombo,2024-01-20,100
Colombo,2024-01-21,96
Colombo,2024-01-22,69
Colombo,2024-01-23,98
Colombo,2024-01-24,62
Colombo,2024-01-25,98
Colombo,2024-01-26,100
Colombo,2024-01-27,56
Colombo,2024-01-28,100
Colombo,2024-01-29,100
Colombo,2024-01-30,100
Colombo,2024-01-31,99
Colombo,2024-02-01,99
Colombo,2024-02-02,99
Colombo,2024-02-03,99
Colombo,2024-02-04,98
Colombo,2024-02-05,100
Colombo,2024-02-06,100
Colombo,2024-02-07,100
Colombo,2024-02-08,100
Colombo,2024-02-09,99
Colombo,2024-02-10,98
Colombo,2024-02-11,100
Colombo,2024-02-12,97
Colombo,2024-02-13,99
Colombo,2024-02-14,100
Colombo,2024-02-15,100
Colombo,2024-02-16,100
Colombo,2024-02-17,100
Colombo,2024-02-18,100
Colombo,2024-02-19,99
Colombo,2024-02-20,100
Colombo,2024-02-21,100
Colombo,2024-02-22,100
Colombo,2024-02-23,99
Colombo,2024-02-24,100
Colombo,2024-02-25,100
Colombo,2024-02-26,73
Colombo,2024-02-27,100
Colombo,2024-02-28,98
Colombo,2024-02-29,100
Colombo,2024-03-01,98
Colombo,2024-03-02,99
Colombo,2024-03-03,100
Colombo,2024-03-04,100
Colombo,2024-03-05,100
Colombo,2024-03-06,98
Colombo,2024-03-07,96
Colombo,2024-03-08,99
Colombo,2024-03-09,63
Colombo,2024-03-10,97
Colombo,2024-03-11,100
Colombo,2024-03-12,100
Colombo,2024-03-13,99
Colombo,2024-03-14,61
Colombo,2024-03-15,63
Colombo,2024-03-16,98
Colombo,2024-03-17,100
Colombo,2024-03-18,46
Colombo,2024-03-19,67
Colombo,2024-03-20,100
Colombo,2024-03-21,99
Colombo,2024-03-22,100
Colombo,2024-03-23,100
Colombo,2024-03-24,100
Colombo,2024-03-25,99
Colombo,2024-03-26,100
Colombo,2024-03-27,100
Colombo,2024-03-28,98
Colombo,2024-03-29,100
Colombo,2024-03-30,98
Colombo,2024-03-31,99
Colombo,2024-04-01,100
Colombo,2024-04-02,98
Colombo,2024-04-03,100
Colombo,2024-04-04,99
Colombo,2024-04-05,96
Colombo,2024-04-06,100
Colombo,2024-04-07,100
Colombo,2024-04-08,100
Colombo,2024-04-09,98
Colombo,2024-04-10,100
Colombo,2024-04-11,63
Colombo,2024-04-12,97
Colombo,2024-04-13,100
Colombo,2024-04-14,98
Colombo,2024-04-15,100
Colombo,2024-04-16,100
Colombo,2024-04-17,66
Colombo,2024-04-18,99
Colombo,2024-04-19,100
Colombo,2024-04-20,100
Colombo,2024-04-21,78
Colombo,2024-04-22,99
Colombo,2024-04-23,61
Colombo,2024-04-24,100
Colombo,2024-04-25,99
Colombo,2024-04-26,100
Colombo,2024-04-27,98
Colombo,2024-04-28,96
Colombo,2024-04-29,99
Colombo,2024-04-30,100
Colombo,2024-05-01,97
Colombo,2024-05-02,100
Colombo,2024-05-03,100
Colombo,2024-05-04,100
Colombo,2024-05-05,100
Colombo,2024-05-06,95
Colombo,2024-05-07,96
Colombo,2024-05-08,100
Colombo,2024-05-09,100
Colombo,2024-05-10,99
Colombo,2024-05-11,65
Colombo,2024-05-12,98
Colombo,2024-05-13,47
Colombo,2024-05-14,99
Colombo,2024-05-15,100
Colombo,2024-05-16,99
Colombo,2024-05-17,97
Colombo,2024-05-18,100
Colombo,2024-05-19,100
Colombo,2024-05-20,98
Colombo,2024-05-21,68
Colombo,2024-05-22,97
Colombo,2024-05-23,100
Colombo,2024-05-24,99
Colombo,2024-05-25,100
Colombo,2024-05-26,62
Colombo,2024-05-27,100
Colombo,2024-05-28,100
Colombo,2024-05-29,99
Colombo,2024-05-30,100
Colombo,2024-05-31,100
Colombo,2024-06-01,97
Colombo,2024-06-02,100
Colombo,2024-06-03,100
Colombo,2024-06-04,48
Colombo,2024-06-05,100
Colombo,2024-06-06,50
Colombo,2024-06-07,100
Colombo,2024-06-08,100
Colombo,2024-06-09,99
Colombo,2024-06-10,98
Colombo,2024-06-11,96
Colombo,2024-06-12,100
Colombo,2024-06-13,100
Colombo,2024-06-14,68
Colombo,2024-06-15,98
Colombo,2024-06-16,99
Colombo,2024-06-17,98
Colombo,2024-06-18,100
Colombo,2024-06-19,100
Colombo,2024-06-20,100
Colombo,2024-06-21,100
Colombo,2024-06-22,100
Colombo,2024-06-23,100
Colombo,2024-06-24,100
Colombo,2024-06-25,61
Colombo,2024-06-26,100
Colombo,2024-06-27,100
Colombo,2024-06-28,100
Colombo,2024-06-29,100
Colombo,2024-06-30,100
Colombo,2024-07-01,100
Colombo,2024-07-02,100
Colombo,2024-07-03,100
Colombo,2024-07-04,98
Colombo,2024-07-05,97
Colombo,2024-07-06,100
Colombo,2024-07-07,100
Colombo,2024-07-08,100
Colombo,2024-07-09,100
Colombo,2024-07-10,89
Colombo,2024-07-11,88
Colombo,2024-07-12,89
Colombo,2024-07-13,92
Colombo,2024-07-14,85
Colombo,2024-07-15,76
Colombo,2024-07-16,88
Colombo,2024-07-17,88
Colombo,2024-07-18,90
Colombo,2024-07-19,88
Colombo,2024-07-20,88
Colombo,2024-07-21,88
Colombo,2024-07-22,89
Colombo,2024-07-23,88
Colombo,2024-07-24,90
Colombo,2024-07-25,90
Colombo,2024-07-26,88
Colombo,2024-07-27,93
Colombo,2024-07-28,86
Colombo,2024-07-29,88
Colombo,2024-07-30,90
Colombo,2024-07-31,88
Colombo,2024-08-01,87
Colombo,2024-08-02,91
Colombo,2024-08-03,80
Colombo,2024-08-04,87
Colombo,2024-08-05,90
Colombo,2024-08-06,82
Colombo,2024-08-07,81
Colombo,2024-08-08,98
Colombo,2024-08-09,100
Colombo,2024-08-10,99
Colombo,2024-08-11,99
Colombo,2024-08-12,99
Colombo,2024-08-13,100
Colombo,2024-08-14,95
Colombo,2024-08-15,100
Colombo,2024-08-16,100
Colombo,2024-08-17,98
Colombo,2024-08-18,100
Colombo,2024-08-19,100
Colombo,2024-08-20,97
Colombo,2024-08-21,100
Colombo,2024-08-22,97
Colombo,2024-08-23,100
Colombo,2024-08-24,100
Colombo,2024-08-25,98
Colombo,2024-08-26,99
Colombo,2024-08-27,97
Colombo,2024-08-28,100
Colombo,2024-08-29,100
Colombo,2024-08-30,100
Colombo,2024-08-31,95
Colombo,2024-09-01,96
Colombo,2024-09-02,100
Colombo,2024-09-03,100
Colombo,2024-09-04,100
Colombo,2024-09-05,99
Colombo,2024-09-06,99
Colombo,2024-09-07,100
Colombo,2024-09-08,100
Colombo,2024-09-09,100
Colombo,2024-09-10,97
Colombo,2024-09-11,99
Colombo,2024-09-12,100
Colombo,2024-09-13,100
Colombo,2024-09-14,100
Colombo,2024-09-15,100
Colombo,2024-09-16,100
Colombo,2024-09-17,98
Colombo,2024-09-18,100
Colombo,2024-09-19,100
Colombo,2024-09-20,100
Colombo,2024-09-21,97
Colombo,2024-09-22,97
Colombo,2024-09-23,98
Colombo,2024-09-24,100
Colombo,2024-09-25,100
Colombo,2024-09-26,100
Colombo,2024-09-27,96
Colombo,2024-09-28,97
Colombo,2024-09-29,67
Colombo,2024-09-30,100
Colombo,2024-10-01,100
Colombo,2024-10-02,100
Colombo,2024-10-03,100
Colombo,2024-10-04,98
Colombo,2024-10-05,99
Colombo,2024-10-06,100
Colombo,2024-10-07,44
Colombo,2024-10-08,99
Colombo,2024-10-09,54
Colombo,2024-10-10,97
Colombo,2024-10-11,100
Colombo,2024-10-12,100
Colombo,2024-10-13,51
Colombo,2024-10-14,65
Colombo,2024-10-15,100
Colombo,2024-10-16,100
Colombo,2024-10-17,100
Colombo,2024-10-18,100
Colombo,2024-10-19,97
Colombo,2024-10-20,60
Colombo,2024-10-21,99
Colombo,2024-10-22,61
Colombo,2024-10-23,70
Colombo,2024-10-24,98
Colombo,2024-10-25,51
Colombo,2024-10-26,49
Colombo,2024-10-27,100
Colombo,2024-10-28,98
Colombo,2024-10-29,98
Colombo,2024-10-30,83
Colombo,2024-10-31,64
Colombo,2024-11-01,99
Colombo,2024-11-02,100
Colombo,2024-11-03,100
Colombo,2024-11-04,99
Colombo,2024-11-05,100
Colombo,2024-11-06,67
Colombo,2024-11-07,98
Colombo,2024-11-08,100
Colombo,2024-11-09,100
Colombo,2024-11-10,55
Colombo,2024-11-11,100
Colombo,2024-11-12,98
Colombo,2024-11-13,100
Colombo,2024-11-14,100
Colombo,2024-11-15,60
Colombo,2024-11-16,100
Colombo,2024-11-17,60
Colombo,2024-11-18,100
Colombo,2024-11-19,100
Colombo,2024-11-20,56
Colombo,2024-11-21,100
Colombo,2024-11-22,72
Colombo,2024-11-23,100
Colombo,2024-11-24,100
Colombo,2024-11-25,99
Colombo,2024-11-26,100
Colombo,2024-11-27,100
Colombo,2024-11-28,71
Colombo,2024-11-29,49
Colombo,2024-11-30,72
Colombo,2024-12-01,99
Colombo,2024-12-02,94
Colombo,2024-12-03,100
Colombo,2024-12-04,99
Colombo,2024-12-05,100
Colombo,2024-12-06,100
Colombo,2024-12-07,100
Colombo,2024-12-08,100
Colombo,2024-12-09,100
Colombo,2024-12-10,100
Colombo,2024-12-11,99
Colombo,2024-12-12,97
Colombo,2024-12-13,100
Colombo,2024-12-14,100
Colombo,2024-12-15,100
Colombo,2024-12-16,100
Colombo,2024-12-17,97
Colombo,2024-12-18,100
Colombo,2024-12-19,62
Colombo,2024-12-20,62
Colombo,2024-12-21,99
Colombo,2024-12-22,100
Colombo,2024-12-23,100
Colombo,2024-12-24,100
Colombo,2024-12-25,99
Colombo,2024-12-26,100
Colombo,2024-12-27,97
Colombo,2024-12-28,100
Colombo,2024-12-29,100
Colombo,2024-12-30,74
Colombo,2024-12-31,100
Colombo,2025-01-01,100
Colombo,2025-01-02,81
Colombo,2025-01-03,99
Colombo,2025-01-04,79
Colombo,2025-01-05,100
Colombo,2025-01-06,99
Colombo,2025-01-07,99
Colombo,2025-01-08,97
Colombo,2025-01-09,100
Colombo,2025-01-10,100
Colombo,2025-01-11,100
Colombo,2025-01-12,100
Colombo,2025-01-13,100
Colombo,2025-01-14,99
Colombo,2025-01-15,98
Colombo,2025-01-16,100
Colombo,2025-01-17,100
Colombo,2025-01-18,100
Colombo,2025-01-19,94
Colombo,2025-01-20,100
Colombo,2025-01-21,100
Colombo,2025-01-22,100
Colombo,2025-01-23,99
Colombo,2025-01-24,98
Colombo,2025-01-25,100
Colombo,2025-01-26,100
Colombo,2025-01-27,98
Colombo,2025-01-28,99
Colombo,2025-01-29,98
Colombo,2025-01-30,96
Colombo,2025-01-31,100
Colombo,2025-02-01,98
Colombo,2025-02-02,95
Colombo,2025-02-03,100
Colombo,2025-02-04,100
Colombo,2025-02-05,100
Colombo,2025-02-06,100
Colombo,2025-02-07,73
Colombo,2025-02-08,100
Colombo,2025-02-09,62
Colombo,2025-02-10,98
Colombo,2025-02-11,100
Colombo,2025-02-12,100
Colombo,2025-02-13,100
Colombo,2025-02-14,96
Colombo,2025-02-15,98
Colombo,2025-02-16,100
Colombo,2025-02-17,100
Colombo,2025-02-18,100
Colombo,2025-02-19,100
Colombo,2025-02-20,100
Colombo,2025-02-21,99
Colombo,2025-02-22,100
Colombo,2025-02-23,100
Colombo,2025-02-24,100
Colombo,2025-02-25,100
Colombo,2025-02-26,100
Colombo,2025-02-27,98
Colombo,2025-02-28,99
Colombo,2025-03-01,100
Colombo,2025-03-02,100
Colombo,2025-03-03,100
Colombo,2025-03-04,100
Colombo,2025-03-05,100
Colombo,2025-03-06,100
Colombo,2025-03-07,100
Colombo,2025-03-08,99
Colombo,2025-03-09,100
Colombo,2025-03-10,99
Colombo,2025-03-11,100
Colombo,2025-03-12,98
Colombo,2025-03-13,99
Colombo,2025-03-14,100
Colombo,2025-03-15,61
Colombo,2025-03-16,100
Colombo,2025-03-17,98
Colombo,2025-03-18,100
Colombo,2025-03-19,99
Colombo,2025-03-20,100
Colombo,2025-03-21,98
Colombo,2025-03-22,100
Colombo,2025-03-23,100
Colombo,2025-03-24,100
Colombo,2025-03-25,99
Colombo,2025-03-26,63
Colombo,2025-03-27,100
Colombo,2025-03-28,98
Colombo,2025-03-29,100
Colombo,2025-03-30,96
Colombo,2025-03-31,99
Colombo,2025-04-01,100
Colombo,2025-04-02,100
Colombo,2025-04-03,100
Colombo,2025-04-04,98
Colombo,2025-04-05,100
Colombo,2025-04-06,97
Colombo,2025-04-07,99
Colombo,2025-04-08,99
Colombo,2025-04-09,100
Colombo,2025-04-10,100
Colombo,2025-04-11,73
Colombo,2025-04-12,100
Colombo,2025-04-13,59
Colombo,2025-04-14,96
Colombo,2025-04-15,100
Colombo,2025-04-16,100
Colombo,2025-04-17,98
Colombo,2025-04-18,99
Colombo,2025-04-19,100
Colombo,2025-04-20,100
Colombo,2025-04-21,99
Colombo,2025-04-22,100
Colombo,2025-04-23,100
Colombo,2025-04-24,70
Colombo,2025-04-25,98
Colombo,2025-04-26,65
Colombo,2025-04-27,98
Colombo,2025-04-28,65
Colombo,2025-04-29,100
Colombo,2025-04-30,99
Colombo,2025-05-01,100
Colombo,2025-05-02,64
Colombo,2025-05-03,58
Colombo,2025-05-04,100
Colombo,2025-05-05,100
Colombo,2025-05-06,100
Colombo,2025-05-07,50
Colombo,2025-05-08,82
Colombo,2025-05-09,100
Colombo,2025-05-10,100
Colombo,2025-05-11,62
Colombo,2025-05-12,97
Colombo,2025-05-13,83
Colombo,2025-05-14,100
Colombo,2025-05-15,100
Colombo,2025-05-16,99
Colombo,2025-05-17,100
Colombo,2025-05-18,100
Colombo,2025-05-19,100
Colombo,2025-05-20,100
Colombo,2025-05-21,45
Colombo,2025-05-22,100
Colombo,2025-05-23,100
Colombo,2025-05-24,97
Colombo,2025-05-25,100
Colombo,2025-05-26,100
Colombo,2025-05-27,100
Colombo,2025-05-28,100
Colombo,2025-05-29,100
Colombo,2025-05-30,100
Colombo,2025-05-31,98
Colombo,2025-06-01,97
Colombo,2025-06-02,100
Colombo,2025-06-03,100
Colombo,2025-06-04,98
Colombo,2025-06-05,50
Colombo,2025-06-06,52
Colombo,2025-06-07,99
Colombo,2025-06-08,99
Colombo,2025-06-09,79
Colombo,2025-06-10,100
Colombo,2025-06-11,100
Colombo,2025-06-12,64
Colombo,2025-06-13,100
Colombo,2025-06-14,98
Colombo,2025-06-15,100
Colombo,2025-06-16,100
Colombo,2025-06-17,96
Colombo,2025-06-18,100
Colombo,2025-06-19,98
Colombo,2025-06-20,95
Colombo,2025-06-21,89
Colombo,2025-06-22,92
Colombo,2025-06-23,92
Colombo,2025-06-24,89
Colombo,2025-06-25,95
Colombo,2025-06-26,90
Colombo,2025-06-27,89
Colombo,2025-06-28,90
Colombo,2025-06-29,91
Colombo,2025-06-30,91
Colombo,2025-07-01,92
Colombo,2025-07-02,92
Colombo,2025-07-03,90
Colombo,2025-07-04,92
Colombo,2025-07-05,91
Colombo,2025-07-06,87
Colombo,2025-07-07,86
Colombo,2025-07-08,100
Colombo,2025-07-09,98
Colombo,2025-07-10,66
Colombo,2025-07-11,97
Colombo,2025-07-12,100
Colombo,2025-07-13,64
Colombo,2025-07-14,68
Colombo,2025-07-15,100
Colombo,2025-07-16,99
Colombo,2025-07-17,75
Colombo,2025-07-18,99
Colombo,2025-07-19,100
Colombo,2025-07-20,100
Colombo,2025-07-21,63
Colombo,2025-07-22,100
Colombo,2025-07-23,96
Colombo,2025-07-24,100
Colombo,2025-07-25,99
Colombo,2025-07-26,99
Colombo,2025-07-27,95
Colombo,2025-07-28,100
Colombo,2025-07-29,100
Colombo,2025-07-30,100
Colombo,2025-07-31,100
Colombo,2025-08-01,99
Colombo,2025-08-02,100
Colombo,2025-08-03,97
Colombo,2025-08-04,100
Colombo,2025-08-05,96
Colombo,2025-08-06,98
Colombo,2025-08-07,100
Colombo,2025-08-08,98
Colombo,2025-08-09,98
Colombo,2025-08-10,79
Colombo,2025-08-11,73
Colombo,2025-08-12,97
Colombo,2025-08-13,72
Colombo,2025-08-14,100
Colombo,2025-08-15,99
Colombo,2025-08-16,98
Colombo,2025-08-17,97
Colombo,2025-08-18,100
Colombo,2025-08-19,100
Colombo,2025-08-20,79
Colombo,2025-08-21,98
Colombo,2025-08-22,99
Colombo,2025-08-23,74
Colombo,2025-08-24,73
Colombo,2025-08-25,99
Colombo,2025-08-26,98
Colombo,2025-08-27,99
Colombo,2025-08-28,99
Colombo,2025-08-29,100
Colombo,2025-08-30,97
Colombo,2025-08-31,100
Colombo,2025-09-01,98
Colombo,2025-09-02,100
Colombo,2025-09-03,96
Colombo,2025-09-04,99
Colombo,2025-09-05,100
Colombo,2025-09-06,98
Colombo,2025-09-07,100
Colombo,2025-09-08,99
Colombo,2025-09-09,100
Colombo,2025-09-10,100
Colombo,2025-09-11,100
Colombo,2025-09-12,98
Colombo,2025-09-13,100
Colombo,2025-09-14,57
Colombo,2025-09-15,100
Colombo,2025-09-16,98
Colombo,2025-09-17,97
Colombo,2025-09-18,98
Colombo,2025-09-19,97
Colombo,2025-09-20,100
Colombo,2025-09-21,100
Colombo,2025-09-22,100
Colombo,2025-09-23,97
Colombo,2025-09-24,99
Colombo,2025-09-25,66
Colombo,2025-09-26,98
Colombo,2025-09-27,98
Colombo,2025-09-28,98
Colombo,2025-09-29,98
Colombo,2025-09-30,98
Colombo,2025-10-01,100
Colombo,2025-10-02,99
Colombo,2025-10-03,98
Colombo,2025-10-04,55
Colombo,2025-10-05,77
Colombo,2025-10-06,100
Colombo,2025-10-07,99
Colombo,2025-10-08,69
Colombo,2025-10-09,100
Colombo,2025-10-10,100
Colombo,2025-10-11,97
Colombo,2025-10-12,100
Colombo,2025-10-13,99
Colombo,2025-10-14,100
Colombo,2025-10-15,100
Colombo,2025-10-16,99
Colombo,2025-10-17,98
Colombo,2025-10-18,100
Colombo,2025-10-19,72
Colombo,2025-10-20,100
Colombo,2025-10-21,99
Colombo,2025-10-22,100
Colombo,2025-10-23,67
Colombo,2025-10-24,63
Colombo,2025-10-25,100
Colombo,2025-10-26,100
Colombo,2025-10-27,98
Colombo,2025-10-28,55
Colombo,2025-10-29,100
Colombo,2025-10-30,100
Colombo,2025-10-31,62
Colombo,2025-11-01,100
Colombo,2025-11-02,99
Colombo,2025-11-03,100
Colombo,2025-11-04,99
Colombo,2025-11-05,70
Colombo,2025-11-06,72
Colombo,2025-11-07,99
Colombo,2025-11-08,99
Colombo,2025-11-09,98
Colombo,2025-11-10,61
Colombo,2025-11-11,100
Colombo,2025-11-12,67
Colombo,2025-11-13,98
Colombo,2025-11-14,97
Colombo,2025-11-15,99
Colombo,2025-11-16,56
Colombo,2025-11-17,96
Colombo,2025-11-18,100
Colombo,2025-11-19,98
Colombo,2025-11-20,99
Colombo,2025-11-21,100
Colombo,2025-11-22,100
Colombo,2025-11-23,100
Colombo,2025-11-24,100
Colombo,2025-11-25,100
Colombo,2025-11-26,97
Colombo,2025-11-27,100
Colombo,2025-11-28,100
Colombo,2025-11-29,100
Colombo,2025-11-30,98
Colombo,2025-12-01,100
Colombo,2025-12-02,100
Colombo,2025-12-03,100
Colombo,2025-12-04,60
Colombo,2025-12-05,98
Colombo,2025-12-06,99
Colombo,2025-12-07,100
Colombo,2025-12-08,99
Colombo,2025-12-09,100
Colombo,2025-12-10,75
Colombo,2025-12-11,99
Colombo,2025-12-12,100
Colombo,2025-12-13,96
Colombo,2025-12-14,100
Colombo,2025-12-15,99
Colombo,2025-12-16,100
Colombo,2025-12-17,100
Colombo,2025-12-18,98
Colombo,2025-12-19,99
Colombo,2025-12-20,99
Colombo,2025-12-21,98
Colombo,2025-12-22,100
Colombo,2025-12-23,80
Colombo,2025-12-24,100
Colombo,2025-12-25,98
Colombo,2025-12-26,95
Colombo,2025-12-27,98
Colombo,2025-12-28,61
Colombo,2025-12-29,100
Colombo,2025-12-30,99
Colombo,2025-12-31,100
Colombo,2026-01-01,100
Colombo,2026-01-02,98
Colombo,2026-01-03,94
Colombo,2026-01-04,100
Colombo,2026-01-05,100
Colombo,2026-01-06,100
Colombo,2026-01-07,100
Colombo,2026-01-08,99
Colombo,2026-01-09,100
Colombo,2026-01-10,100
Colombo,2026-01-11,71
Colombo,2026-01-12,97
Colombo,2026-01-13,100
Colombo,2026-01-14,96
Colombo,2026-01-15,100
Colombo,2026-01-16,100
Colombo,2026-01-17,98
Colombo,2026-01-18,100
Colombo,2026-01-19,100
Colombo,2026-01-20,100
Colombo,2026-01-21,100
Colombo,2026-01-22,98
Colombo,2026-01-23,100
Colombo,2026-01-24,99
Colombo,2026-01-25,100
Colombo,2026-01-26,100
Colombo,2026-01-27,100
Colombo,2026-01-28,99
Colombo,2026-01-29,99
Colombo,2026-01-30,99
Colombo,2026-01-31,100
Colombo,2026-02-01,100
Colombo,2026-02-02,100
Colombo,2026-02-03,99
Colombo,2026-02-04,96
Colombo,2026-02-05,96
Colombo,2026-02-06,96
Colombo,2026-02-07,100
Colombo,2026-02-08,100
Colombo,2026-02-09,100
Colombo,2026-02-10,99
Colombo,2026-02-11,100
Colombo,2026-02-12,100
Colombo,2026-02-13,81
Colombo,2026-02-14,82
Colombo,2026-02-15,76
Colombo,2026-02-16,81
Colombo,2026-02-17,78
Colombo,2026-02-18,83
Colombo,2026-02-19,79
Colombo,2026-02-20,85
Colombo,2026-02-21,79
Colombo,2026-02-22,80
Colombo,2026-02-23,81
Colombo,2026-02-24,82
Colombo,2026-02-25,82
Colombo,2026-02-26,84
Colombo,2026-02-27,81
Colombo,2026-02-28,83
Colombo,2026-03-01,100
Colombo,2026-03-02,100
Colombo,2026-03-03,98
Colombo,2026-03-04,50
Colombo,2026-03-05,99
Colombo,2026-03-06,98
Colombo,2026-03-07,80
Colombo,2026-03-08,100
Colombo,2026-03-09,100
Colombo,2026-03-10,99
Colombo,2026-03-11,99
Colombo,2026-03-12,60
Colombo,2026-03-13,99
Colombo,2026-03-14,68
Colombo,2026-03-15,100
Colombo,2026-03-16,100
Colombo,2026-03-17,99
Colombo,2026-03-18,99
Colombo,2026-03-19,97
Colombo,2026-03-20,100
Colombo,2026-03-21,61
Colombo,2026-03-22,100
Colombo,2026-03-23,100
Colombo,2026-03-24,99
Colombo,2026-03-25,100
Colombo,2026-03-26,98
Colombo,2026-03-27,66
Colombo,2026-03-28,100
Colombo,2026-03-29,100
Colombo,2026-03-30,100
Colombo,2026-03-31,100
Colombo,2026-04-01,100
Colombo,2026-04-02,100
Colombo,2026-04-03,99
Colombo,2026-04-04,100
Colombo,2026-04-05,97
Colombo,2026-04-06,99
Colombo,2026-04-07,100
Colombo,2026-04-08,97
Colombo,2026-04-09,98
Colombo,2026-04-10,57
Colombo,2026-04-11,100
Colombo,2026-04-12,54
Colombo,2026-04-13,78
Colombo,2026-04-14,62
Colombo,2026-04-15,100
Colombo,2026-04-16,99
Colombo,2026-04-17,100
Colombo,2026-04-18,100
Colombo,2026-04-19,100
Colombo,2026-04-20,100
Colombo,2026-04-21,100
Colombo,2026-04-22,98
Colombo,2026-04-23,95
Colombo,2026-04-24,71
Colombo,2026-04-25,62
Colombo,2026-04-26,100
Colombo,2026-04-27,100
Colombo,2026-04-28,100
Colombo,2026-04-29,69
Colombo,2026-04-30,85
Colombo,2026-05-01,99
Colombo,2026-05-02,52
Colombo,2026-05-03,100
Colombo,2026-05-04,99
Colombo,2026-05-05,100
Colombo,2026-05-06,100
Colombo,2026-05-07,100
Colombo,2026-05-08,100
Colombo,2026-05-09,100
Colombo,2026-05-10,99
Colombo,2026-05-11,67
Colombo,2026-05-12,85
Colombo,2026-05-13,84
Colombo,2026-05-14,61
Colombo,2026-05-15,87
Colombo,2026-05-16,84
Colombo,2026-05-17,44
Colombo,2026-05-18,58
Colombo,2026-05-19,85
Colombo,2026-05-20,85
Colombo,2026-05-21,85
Colombo,2026-05-22,87
Colombo,2026-05-23,86
Colombo,2026-05-24,86
Colombo,2026-05-25,60
Colombo,2026-05-26,87
Colombo,2026-05-27,88
Colombo,2026-05-28,84
Colombo,2026-05-29,89
Colombo,2026-05-30,82
Colombo,2026-05-31,87
Colombo,2026-06-01,66
Colombo,2026-06-02,100
Colombo,2026-06-03,100
Colombo,2026-06-04,99
Colombo,2026-06-05,57
Colombo,2026-06-06,100
Colombo,2026-06-07,99
Colombo,2026-06-08,100
Colombo,2026-06-09,97
Colombo,2026-06-10,98
Colombo,2026-06-11,100
Colombo,2026-06-12,56
Colombo,2026-06-13,100
Colombo,2026-06-14,100
Colombo,2026-06-15,100
Colombo,2026-06-16,100
Colombo,2026-06-17,57
Colombo,2026-06-18,99
Colombo,2026-06-19,99
Colombo,2026-06-20,99
Colombo,2026-06-21,100
Colombo,2026-06-22,100
Colombo,2026-06-23,99
Colombo,2026-06-24,100
Colombo,2026-06-25,100
Colombo,2026-06-26,100
Colombo,2026-06-27,80
Colombo,2026-06-28,83
Gampaha,2024-01-01,99
Gampaha,2024-01-02,100
Gampaha,2024-01-03,100
Gampaha,2024-01-04,97
Gampaha,2024-01-05,100
Gampaha,2024-01-06,99
Gampaha,2024-01-07,100
Gampaha,2024-01-08,80
Gampaha,2024-01-09,100
Gampaha,2024-01-10,99
Gampaha,2024-01-11,71
Gampaha,2024-01-12,100
Gampaha,2024-01-13,100
Gampaha,2024-01-14,100
Gampaha,2024-01-15,99
Gampaha,2024-01-16,100
Gampaha,2024-01-17,99
Gampaha,2024-01-18,100
Gampaha,2024-01-19,100
Gampaha,2024-01-20,100
Gampaha,2024-01-21,98
Gampaha,2024-01-22,97
Gampaha,2024-01-23,98
Gampaha,2024-01-24,100
Gampaha,2024-01-25,68
Gampaha,2024-01-26,100
Gampaha,2024-01-27,100
Gampaha,2024-01-28,71
Gampaha,2024-01-29,95
Gampaha,2024-01-30,99
Gampaha,2024-01-31,97
Gampaha,2024-02-01,99
Gampaha,2024-02-02,100
Gampaha,2024-02-03,100
Gampaha,2024-02-04,63
Gampaha,2024-02-05,100
Gampaha,2024-02-06,100
Gampaha,2024-02-07,98
Gampaha,2024-02-08,100
Gampaha,2024-02-09,97
Gampaha,2024-02-10,100
Gampaha,2024-02-11,100
Gampaha,2024-02-12,100
Gampaha,2024-02-13,100
Gampaha,2024-02-14,98
Gampaha,2024-02-15,70
Gampaha,2024-02-16,84
Gampaha,2024-02-17,99
Gampaha,2024-02-18,100
Gampaha,2024-02-19,99
Gampaha,2024-02-20,98
Gampaha,2024-02-21,100
Gampaha,2024-02-22,97
Gampaha,2024-02-23,100
Gampaha,2024-02-24,100
Gampaha,2024-02-25,81
Gampaha,2024-02-26,99
Gampaha,2024-02-27,98
Gampaha,2024-02-28,63
Gampaha,2024-02-29,100
Gampaha,2024-03-01,100
Gampaha,2024-03-02,100
Gampaha,2024-03-03,99
Gampaha,2024-03-04,100
Gampaha,2024-03-05,99
Gampaha,2024-03-06,95
Gampaha,2024-03-07,99
Gampaha,2024-03-08,56
Gampaha,2024-03-09,99
Gampaha,2024-03-10,100
Gampaha,2024-03-11,100
Gampaha,2024-03-12,100
Gampaha,2024-03-13,74
Gampaha,2024-03-14,100
Gampaha,2024-03-15,100
Gampaha,2024-03-16,48
Gampaha,2024-03-17,100
Gampaha,2024-03-18,100
Gampaha,2024-03-19,99
Gampaha,2024-03-20,99
Gampaha,2024-03-21,74
Gampaha,2024-03-22,96
Gampaha,2024-03-23,67
Gampaha,2024-03-24,98
Gampaha,2024-03-25,100
Gampaha,2024-03-26,98
Gampaha,2024-03-27,100
Gampaha,2024-03-28,100
Gampaha,2024-03-29,100
Gampaha,2024-03-30,99
Gampaha,2024-03-31,100
Gampaha,2024-04-01,65
Gampaha,2024-04-02,97
Gampaha,2024-04-03,98
Gampaha,2024-04-04,97
Gampaha,2024-04-05,98
Gampaha,2024-04-06,100
Gampaha,2024-04-07,100
Gampaha,2024-04-08,95
Gampaha,2024-04-09,96
Gampaha,2024-04-10,100
Gampaha,2024-04-11,100
Gampaha,2024-04-12,100
Gampaha,2024-04-13,100
Gampaha,2024-04-14,100
Gampaha,2024-04-15,100
Gampaha,2024-04-16,56
Gampaha,2024-04-17,100
Gampaha,2024-04-18,100
Gampaha,2024-04-19,100
Gampaha,2024-04-20,100
Gampaha,2024-04-21,99
Gampaha,2024-04-22,100
Gampaha,2024-04-23,100
Gampaha,2024-04-24,100
Gampaha,2024-04-25,100
Gampaha,2024-04-26,95
Gampaha,2024-04-27,50
Gampaha,2024-04-28,98
Gampaha,2024-04-29,58
Gampaha,2024-04-30,99
Gampaha,2024-05-01,100
Gampaha,2024-05-02,100
Gampaha,2024-05-03,100
Gampaha,2024-05-04,81
Gampaha,2024-05-05,100
Gampaha,2024-05-06,61
Gampaha,2024-05-07,100
Gampaha,2024-05-08,100
Gampaha,2024-05-09,99
Gampaha,2024-05-10,81
Gampaha,2024-05-11,98
Gampaha,2024-05-12,99
Gampaha,2024-05-13,58
Gampaha,2024-05-14,47
Gampaha,2024-05-15,98
Gampaha,2024-05-16,96
Gampaha,2024-05-17,98
Gampaha,2024-05-18,97
Gampaha,2024-05-19,100
Gampaha,2024-05-20,100
Gampaha,2024-05-21,100
Gampaha,2024-05-22,98
Gampaha,2024-05-23,100
Gampaha,2024-05-24,58
Gampaha,2024-05-25,100
Gampaha,2024-05-26,100
Gampaha,2024-05-27,100
Gampaha,2024-05-28,100
Gampaha,2024-05-29,100
Gampaha,2024-05-30,98
Gampaha,2024-05-31,59
Gampaha,2024-06-01,100
Gampaha,2024-06-02,100
Gampaha,2024-06-03,66
Gampaha,2024-06-04,96
Gampaha,2024-06-05,100
Gampaha,2024-06-06,97
Gampaha,2024-06-07,98
Gampaha,2024-06-08,78
Gampaha,2024-06-09,100
Gampaha,2024-06-10,60
Gampaha,2024-06-11,99
Gampaha,2024-06-12,100
Gampaha,2024-06-13,99
Gampaha,2024-06-14,100
Gampaha,2024-06-15,99
Gampaha,2024-06-16,100
Gampaha,2024-06-17,97
Gampaha,2024-06-18,95
Gampaha,2024-06-19,100
Gampaha,2024-06-20,100
Gampaha,2024-06-21,47
Gampaha,2024-06-22,100
Gampaha,2024-06-23,100
Gampaha,2024-06-24,96
Gampaha,2024-06-25,99
Gampaha,2024-06-26,99
Gampaha,2024-06-27,100
Gampaha,2024-06-28,64
Gampaha,2024-06-29,98
Gampaha,2024-06-30,100
Gampaha,2024-07-01,100
Gampaha,2024-07-02,100
Gampaha,2024-07-03,100
Gampaha,2024-07-04,99
Gampaha,2024-07-05,98
Gampaha,2024-07-06,100
Gampaha,2024-07-07,100
Gampaha,2024-07-08,100
Gampaha,2024-07-09,100
Gampaha,2024-07-10,100
Gampaha,2024-07-11,99
Gampaha,2024-07-12,98
Gampaha,2024-07-13,99
Gampaha,2024-07-14,100
Gampaha,2024-07-15,73
Gampaha,2024-07-16,64
Gampaha,2024-07-17,100
Gampaha,2024-07-18,98
Gampaha,2024-07-19,71
Gampaha,2024-07-20,100
Gampaha,2024-07-21,98
Gampaha,2024-07-22,70
Gampaha,2024-07-23,70
Gampaha,2024-07-24,97
Gampaha,2024-07-25,100
Gampaha,2024-07-26,95
Gampaha,2024-07-27,100
Gampaha,2024-07-28,96
Gampaha,2024-07-29,100
Gampaha,2024-07-30,75
Gampaha,2024-07-31,100
Gampaha,2024-08-01,100
Gampaha,2024-08-02,95
Gampaha,2024-08-03,97
Gampaha,2024-08-04,99
Gampaha,2024-08-05,100
Gampaha,2024-08-06,100
Gampaha,2024-08-07,95
Gampaha,2024-08-08,95
Gampaha,2024-08-09,68
Gampaha,2024-08-10,97
Gampaha,2024-08-11,100
Gampaha,2024-08-12,100
Gampaha,2024-08-13,100
Gampaha,2024-08-14,100
Gampaha,2024-08-15,99
Gampaha,2024-08-16,100
Gampaha,2024-08-17,99
Gampaha,2024-08-18,100
Gampaha,2024-08-19,99
Gampaha,2024-08-20,96
Gampaha,2024-08-21,100
Gampaha,2024-08-22,100
Gampaha,2024-08-23,100
Gampaha,2024-08-24,97
Gampaha,2024-08-25,98
Gampaha,2024-08-26,98
Gampaha,2024-08-27,100
Gampaha,2024-08-28,100
Gampaha,2024-08-29,98
Gampaha,2024-08-30,99
Gampaha,2024-08-31,100
Gampaha,2024-09-01,98
Gampaha,2024-09-02,100
Gampaha,2024-09-03,100
Gampaha,2024-09-04,100
Gampaha,2024-09-05,100
Gampaha,2024-09-06,99
Gampaha,2024-09-07,95
Gampaha,2024-09-08,100
Gampaha,2024-09-09,100
Gampaha,2024-09-10,100
Gampaha,2024-09-11,100
Gampaha,2024-09-12,100
Gampaha,2024-09-13,100
Gampaha,2024-09-14,100
Gampaha,2024-09-15,97
Gampaha,2024-09-16,100
Gampaha,2024-09-17,100
Gampaha,2024-09-18,98
Gampaha,2024-09-19,100
Gampaha,2024-09-20,97
Gampaha,2024-09-21,100
Gampaha,2024-09-22,100
Gampaha,2024-09-23,98
Gampaha,2024-09-24,98
Gampaha,2024-09-25,98
Gampaha,2024-09-26,75
Gampaha,2024-09-27,99
Gampaha,2024-09-28,97
Gampaha,2024-09-29,100
Gampaha,2024-09-30,98
Gampaha,2024-10-01,100
Gampaha,2024-10-02,98
Gampaha,2024-10-03,69
Gampaha,2024-10-04,98
Gampaha,2024-10-05,98
Gampaha,2024-10-06,100
Gampaha,2024-10-07,56
Gampaha,2024-10-08,100
Gampaha,2024-10-09,99
Gampaha,2024-10-10,99
Gampaha,2024-10-11,100
Gampaha,2024-10-12,100
Gampaha,2024-10-13,58
Gampaha,2024-10-14,100
Gampaha,2024-10-15,100
Gampaha,2024-10-16,100
Gampaha,2024-10-17,62
Gampaha,2024-10-18,61
Gampaha,2024-10-19,100
Gampaha,2024-10-20,100
Gampaha,2024-10-21,99
Gampaha,2024-10-22,63
Gampaha,2024-10-23,100
Gampaha,2024-10-24,100
Gampaha,2024-10-25,97
Gampaha,2024-10-26,100
Gampaha,2024-10-27,46
Gampaha,2024-10-28,100
Gampaha,2024-10-29,98
Gampaha,2024-10-30,46
Gampaha,2024-10-31,64
Gampaha,2024-11-01,100
Gampaha,2024-11-02,100
Gampaha,2024-11-03,100
Gampaha,2024-11-04,100
Gampaha,2024-11-05,100
Gampaha,2024-11-06,99
Gampaha,2024-11-07,100
Gampaha,2024-11-08,78
Gampaha,2024-11-09,100
Gampaha,2024-11-10,100
Gampaha,2024-11-11,99
Gampaha,2024-11-12,49
Gampaha,2024-11-13,58
Gampaha,2024-11-14,53
Gampaha,2024-11-15,98
Gampaha,2024-11-16,100
Gampaha,2024-11-17,49
Gampaha,2024-11-18,100
Gampaha,2024-11-19,99
Gampaha,2024-11-20,100
Gampaha,2024-11-21,100
Gampaha,2024-11-22,100
Gampaha,2024-11-23,100
Gampaha,2024-11-24,48
Gampaha,2024-11-25,100
Gampaha,2024-11-26,99
Gampaha,2024-11-27,99
Gampaha,2024-11-28,63
Gampaha,2024-11-29,100
Gampaha,2024-11-30,100
Gampaha,2024-12-01,98
Gampaha,2024-12-02,100
Gampaha,2024-12-03,100
Gampaha,2024-12-04,77
Gampaha,2024-12-05,100
Gampaha,2024-12-06,100
Gampaha,2024-12-07,100
Gampaha,2024-12-08,100
Gampaha,2024-12-09,100
Gampaha,2024-12-10,62
Gampaha,2024-12-11,100
Gampaha,2024-12-12,98
Gampaha,2024-12-13,100
Gampaha,2024-12-14,98
Gampaha,2024-12-15,98
Gampaha,2024-12-16,100
Gampaha,2024-12-17,100
Gampaha,2024-12-18,100
Gampaha,2024-12-19,100
Gampaha,2024-12-20,99
Gampaha,2024-12-21,100
Gampaha,2024-12-22,100
Gampaha,2024-12-23,89
Gampaha,2024-12-24,86
Gampaha,2024-12-25,86
Gampaha,2024-12-26,87
Gampaha,2024-12-27,86
Gampaha,2024-12-28,84
Gampaha,2024-12-29,86
Gampaha,2024-12-30,85
Gampaha,2024-12-31,87
Gampaha,2025-01-01,85
Gampaha,2025-01-02,86
Gampaha,2025-01-03,87
Gampaha,2025-01-04,67
Gampaha,2025-01-05,86
Gampaha,2025-01-06,88
Gampaha,2025-01-07,86
Gampaha,2025-01-08,100
Gampaha,2025-01-09,100
Gampaha,2025-01-10,98
Gampaha,2025-01-11,100
Gampaha,2025-01-12,98
Gampaha,2025-01-13,98
Gampaha,2025-01-14,97
Gampaha,2025-01-15,72
Gampaha,2025-01-16,100
Gampaha,2025-01-17,99
Gampaha,2025-01-18,100
Gampaha,2025-01-19,100
Gampaha,2025-01-20,98
Gampaha,2025-01-21,100
Gampaha,2025-01-22,77
Gampaha,2025-01-23,100
Gampaha,2025-01-24,98
Gampaha,2025-01-25,100
Gampaha,2025-01-26,99
Gampaha,2025-01-27,96
Gampaha,2025-01-28,100
Gampaha,2025-01-29,81
Gampaha,2025-01-30,81
Gampaha,2025-01-31,82
Gampaha,2025-02-01,81
Gampaha,2025-02-02,81
Gampaha,2025-02-03,81
Gampaha,2025-02-04,78
Gampaha,2025-02-05,78
Gampaha,2025-02-06,81
Gampaha,2025-02-07,83
Gampaha,2025-02-08,81
Gampaha,2025-02-09,80
Gampaha,2025-02-10,83
Gampaha,2025-02-11,85
Gampaha,2025-02-12,84
Gampaha,2025-02-13,79
Gampaha,2025-02-14,80
Gampaha,2025-02-15,81
Gampaha,2025-02-16,76
Gampaha,2025-02-17,82
Gampaha,2025-02-18,86
Gampaha,2025-02-19,80
Gampaha,2025-02-20,84
Gampaha,2025-02-21,80
Gampaha,2025-02-22,81
Gampaha,2025-02-23,83
Gampaha,2025-02-24,81
Gampaha,2025-02-25,98
Gampaha,2025-02-26,80
Gampaha,2025-02-27,100
Gampaha,2025-02-28,99
Gampaha,2025-03-01,100
Gampaha,2025-03-02,100
Gampaha,2025-03-03,99
Gampaha,2025-03-04,98
Gampaha,2025-03-05,69
Gampaha,2025-03-06,100
Gampaha,2025-03-07,98
Gampaha,2025-03-08,100
Gampaha,2025-03-09,100
Gampaha,2025-03-10,99
Gampaha,2025-03-11,48
Gampaha,2025-03-12,100
Gampaha,2025-03-13,100
Gampaha,2025-03-14,100
Gampaha,2025-03-15,99
Gampaha,2025-03-16,100
Gampaha,2025-03-17,100
Gampaha,2025-03-18,100
Gampaha,2025-03-19,99
Gampaha,2025-03-20,100
Gampaha,2025-03-21,100
Gampaha,2025-03-22,99
Gampaha,2025-03-23,56
Gampaha,2025-03-24,97
Gampaha,2025-03-25,100
Gampaha,2025-03-26,53
Gampaha,2025-03-27,100
Gampaha,2025-03-28,98
Gampaha,2025-03-29,99
Gampaha,2025-03-30,99
Gampaha,2025-03-31,74
Gampaha,2025-04-01,59
Gampaha,2025-04-02,87
Gampaha,2025-04-03,86
Gampaha,2025-04-04,88
Gampaha,2025-04-05,89
Gampaha,2025-04-06,85
Gampaha,2025-04-07,92
Gampaha,2025-04-08,90
Gampaha,2025-04-09,93
Gampaha,2025-04-10,44
Gampaha,2025-04-11,93
Gampaha,2025-04-12,46
Gampaha,2025-04-13,91
Gampaha,2025-04-14,90
Gampaha,2025-04-15,99
Gampaha,2025-04-16,100
Gampaha,2025-04-17,99
Gampaha,2025-04-18,100
Gampaha,2025-04-19,100
Gampaha,2025-04-20,83
Gampaha,2025-04-21,81
Gampaha,2025-04-22,55
Gampaha,2025-04-23,79
Gampaha,2025-04-24,80
Gampaha,2025-04-25,56
Gampaha,2025-04-26,77
Gampaha,2025-04-27,43
Gampaha,2025-04-28,79
Gampaha,2025-04-29,80
Gampaha,2025-04-30,80
Gampaha,2025-05-01,64
Gampaha,2025-05-02,82
Gampaha,2025-05-03,84
Gampaha,2025-05-04,83
Gampaha,2025-05-05,76
Gampaha,2025-05-06,79
Gampaha,2025-05-07,79
Gampaha,2025-05-08,67
Gampaha,2025-05-09,79
Gampaha,2025-05-10,63
Gampaha,2025-05-11,84
Gampaha,2025-05-12,82
Gampaha,2025-05-13,68
Gampaha,2025-05-14,77
Gampaha,2025-05-15,82
Gampaha,2025-05-16,81
Gampaha,2025-05-17,82
Gampaha,2025-05-18,59
Gampaha,2025-05-19,99
Gampaha,2025-05-20,97
Gampaha,2025-05-21,99
Gampaha,2025-05-22,100
Gampaha,2025-05-23,100
Gampaha,2025-05-24,97
Gampaha,2025-05-25,100
Gampaha,2025-05-26,97
Gampaha,2025-05-27,87
Gampaha,2025-05-28,84
Gampaha,2025-05-29,86
Gampaha,2025-05-30,87
Gampaha,2025-05-31,85
Gampaha,2025-06-01,85
Gampaha,2025-06-02,62
Gampaha,2025-06-03,83
Gampaha,2025-06-04,82
Gampaha,2025-06-05,86
Gampaha,2025-06-06,86
Gampaha,2025-06-07,97
Gampaha,2025-06-08,97
Gampaha,2025-06-09,100
Gampaha,2025-06-10,100
Gampaha,2025-06-11,62
Gampaha,2025-06-12,100
Gampaha,2025-06-13,100
Gampaha,2025-06-14,100
Gampaha,2025-06-15,99
Gampaha,2025-06-16,98
Gampaha,2025-06-17,62
Gampaha,2025-06-18,100
Gampaha,2025-06-19,100
Gampaha,2025-06-20,50
Gampaha,2025-06-21,100
Gampaha,2025-06-22,99
Gampaha,2025-06-23,100
Gampaha,2025-06-24,69
Gampaha,2025-06-25,99
Gampaha,2025-06-26,100
Gampaha,2025-06-27,98
Gampaha,2025-06-28,100
Gampaha,2025-06-29,100
Gampaha,2025-06-30,100
Gampaha,2025-07-01,63
Gampaha,2025-07-02,89
Gampaha,2025-07-03,91
Gampaha,2025-07-04,87
Gampaha,2025-07-05,90
Gampaha,2025-07-06,92
Gampaha,2025-07-07,91
Gampaha,2025-07-08,92
Gampaha,2025-07-09,87
Gampaha,2025-07-10,90
Gampaha,2025-07-11,90
Gampaha,2025-07-12,62
Gampaha,2025-07-13,96
Gampaha,2025-07-14,100
Gampaha,2025-07-15,97
Gampaha,2025-07-16,100
Gampaha,2025-07-17,99
Gampaha,2025-07-18,100
Gampaha,2025-07-19,98
Gampaha,2025-07-20,99
Gampaha,2025-07-21,99
Gampaha,2025-07-22,100
Gampaha,2025-07-23,100
Gampaha,2025-07-24,99
Gampaha,2025-07-25,100
Gampaha,2025-07-26,97
Gampaha,2025-07-27,57
Gampaha,2025-07-28,80
Gampaha,2025-07-29,100
Gampaha,2025-07-30,100
Gampaha,2025-07-31,98
Gampaha,2025-08-01,100
Gampaha,2025-08-02,100
Gampaha,2025-08-03,75
Gampaha,2025-08-04,100
Gampaha,2025-08-05,98
Gampaha,2025-08-06,100
Gampaha,2025-08-07,58
Gampaha,2025-08-08,100
Gampaha,2025-08-09,98
Gampaha,2025-08-10,95
Gampaha,2025-08-11,99
Gampaha,2025-08-12,97
Gampaha,2025-08-13,100
Gampaha,2025-08-14,100
Gampaha,2025-08-15,100
Gampaha,2025-08-16,98
Gampaha,2025-08-17,99
Gampaha,2025-08-18,98
Gampaha,2025-08-19,100
Gampaha,2025-08-20,99
Gampaha,2025-08-21,100
Gampaha,2025-08-22,78
Gampaha,2025-08-23,100
Gampaha,2025-08-24,100
Gampaha,2025-08-25,98
Gampaha,2025-08-26,70
Gampaha,2025-08-27,100
Gampaha,2025-08-28,62
Gampaha,2025-08-29,100
Gampaha,2025-08-30,98
Gampaha,2025-08-31,100
Gampaha,2025-09-01,96
Gampaha,2025-09-02,100
Gampaha,2025-09-03,99
Gampaha,2025-09-04,100
Gampaha,2025-09-05,100
Gampaha,2025-09-06,99
Gampaha,2025-09-07,95
Gampaha,2025-09-08,99
Gampaha,2025-09-09,100
Gampaha,2025-09-10,98
Gampaha,2025-09-11,99
Gampaha,2025-09-12,98
Gampaha,2025-09-13,100
Gampaha,2025-09-14,100
Gampaha,2025-09-15,100
Gampaha,2025-09-16,99
Gampaha,2025-09-17,98
Gampaha,2025-09-18,100
Gampaha,2025-09-19,96
Gampaha,2025-09-20,60
Gampaha,2025-09-21,100
Gampaha,2025-09-22,97
Gampaha,2025-09-23,100
Gampaha,2025-09-24,100
Gampaha,2025-09-25,100
Gampaha,2025-09-26,100
Gampaha,2025-09-27,100
Gampaha,2025-09-28,100
Gampaha,2025-09-29,98
Gampaha,2025-09-30,100
Gampaha,2025-10-01,97
Gampaha,2025-10-02,98
Gampaha,2025-10-03,74
Gampaha,2025-10-04,98
Gampaha,2025-10-05,55
Gampaha,2025-10-06,98
Gampaha,2025-10-07,72
Gampaha,2025-10-08,100
Gampaha,2025-10-09,100
Gampaha,2025-10-10,99
Gampaha,2025-10-11,100
Gampaha,2025-10-12,73
Gampaha,2025-10-13,67
Gampaha,2025-10-14,57
Gampaha,2025-10-15,100
Gampaha,2025-10-16,46
Gampaha,2025-10-17,100
Gampaha,2025-10-18,100
Gampaha,2025-10-19,100
Gampaha,2025-10-20,80
Gampaha,2025-10-21,69
Gampaha,2025-10-22,100
Gampaha,2025-10-23,100
Gampaha,2025-10-24,100
Gampaha,2025-10-25,65
Gampaha,2025-10-26,100
Gampaha,2025-10-27,100
Gampaha,2025-10-28,100
Gampaha,2025-10-29,98
Gampaha,2025-10-30,70
Gampaha,2025-10-31,100
Gampaha,2025-11-01,100
Gampaha,2025-11-02,45
Gampaha,2025-11-03,98
Gampaha,2025-11-04,100
Gampaha,2025-11-05,100
Gampaha,2025-11-06,100
Gampaha,2025-11-07,100
Gampaha,2025-11-08,61
Gampaha,2025-11-09,100
Gampaha,2025-11-10,100
Gampaha,2025-11-11,100
Gampaha,2025-11-12,100
Gampaha,2025-11-13,100
Gampaha,2025-11-14,100
Gampaha,2025-11-15,100
Gampaha,2025-11-16,99
Gampaha,2025-11-17,78
Gampaha,2025-11-18,100
Gampaha,2025-11-19,100
Gampaha,2025-11-20,47
Gampaha,2025-11-21,99
Gampaha,2025-11-22,98
Gampaha,2025-11-23,100
Gampaha,2025-11-24,100
Gampaha,2025-11-25,71
Gampaha,2025-11-26,100
Gampaha,2025-11-27,69
Gampaha,2025-11-28,98
Gampaha,2025-11-29,99
Gampaha,2025-11-30,98
Gampaha,2025-12-01,99
Gampaha,2025-12-02,100
Gampaha,2025-12-03,69
Gampaha,2025-12-04,100
Gampaha,2025-12-05,100
Gampaha,2025-12-06,100
Gampaha,2025-12-07,99
Gampaha,2025-12-08,100
Gampaha,2025-12-09,99
Gampaha,2025-12-10,100
Gampaha,2025-12-11,100
Gampaha,2025-12-12,98
Gampaha,2025-12-13,65
Gampaha,2025-12-14,100
Gampaha,2025-12-15,99
Gampaha,2025-12-16,98
Gampaha,2025-12-17,100
Gampaha,2025-12-18,100
Gampaha,2025-12-19,99
Gampaha,2025-12-20,100
Gampaha,2025-12-21,98
Gampaha,2025-12-22,96
Gampaha,2025-12-23,100
Gampaha,2025-12-24,100
Gampaha,2025-12-25,100
Gampaha,2025-12-26,99
Gampaha,2025-12-27,100
Gampaha,2025-12-28,78
Gampaha,2025-12-29,100
Gampaha,2025-12-30,98
Gampaha,2025-12-31,99
Gampaha,2026-01-01,100
Gampaha,2026-01-02,100
Gampaha,2026-01-03,99
Gampaha,2026-01-04,100
Gampaha,2026-01-05,100
Gampaha,2026-01-06,100
Gampaha,2026-01-07,100
Gampaha,2026-01-08,100
Gampaha,2026-01-09,98
Gampaha,2026-01-10,100
Gampaha,2026-01-11,100
Gampaha,2026-01-12,100
Gampaha,2026-01-13,100
Gampaha,2026-01-14,99
Gampaha,2026-01-15,99
Gampaha,2026-01-16,100
Gampaha,2026-01-17,100
Gampaha,2026-01-18,100
Gampaha,2026-01-19,100
Gampaha,2026-01-20,98
Gampaha,2026-01-21,99
Gampaha,2026-01-22,100
Gampaha,2026-01-23,99
Gampaha,2026-01-24,100
Gampaha,2026-01-25,98
Gampaha,2026-01-26,66
Gampaha,2026-01-27,100
Gampaha,2026-01-28,96
Gampaha,2026-01-29,99
Gampaha,2026-01-30,100
Gampaha,2026-01-31,64
Gampaha,2026-02-01,99
Gampaha,2026-02-02,100
Gampaha,2026-02-03,62
Gampaha,2026-02-04,98
Gampaha,2026-02-05,98
Gampaha,2026-02-06,100
Gampaha,2026-02-07,100
Gampaha,2026-02-08,100
Gampaha,2026-02-09,100
Gampaha,2026-02-10,100
Gampaha,2026-02-11,61
Gampaha,2026-02-12,100
Gampaha,2026-02-13,100
Gampaha,2026-02-14,97
Gampaha,2026-02-15,99
Gampaha,2026-02-16,100
Gampaha,2026-02-17,97
Gampaha,2026-02-18,98
Gampaha,2026-02-19,100
Gampaha,2026-02-20,100
Gampaha,2026-02-21,100
Gampaha,2026-02-22,100
Gampaha,2026-02-23,100
Gampaha,2026-02-24,100
Gampaha,2026-02-25,100
Gampaha,2026-02-26,68
Gampaha,2026-02-27,100
Gampaha,2026-02-28,99
Gampaha,2026-03-01,99
Gampaha,2026-03-02,97
Gampaha,2026-03-03,99
Gampaha,2026-03-04,46
Gampaha,2026-03-05,100
Gampaha,2026-03-06,100
Gampaha,2026-03-07,61
Gampaha,2026-03-08,59
Gampaha,2026-03-09,98
Gampaha,2026-03-10,100
Gampaha,2026-03-11,100
Gampaha,2026-03-12,99
Gampaha,2026-03-13,99
Gampaha,2026-03-14,100
Gampaha,2026-03-15,98
Gampaha,2026-03-16,99
Gampaha,2026-03-17,100
Gampaha,2026-03-18,98
Gampaha,2026-03-19,100
Gampaha,2026-03-20,100
Gampaha,2026-03-21,99
Gampaha,2026-03-22,100
Gampaha,2026-03-23,98
Gampaha,2026-03-24,99
Gampaha,2026-03-25,100
Gampaha,2026-03-26,100
Gampaha,2026-03-27,98
Gampaha,2026-03-28,98
Gampaha,2026-03-29,56
Gampaha,2026-03-30,100
Gampaha,2026-03-31,100
Gampaha,2026-04-01,70
Gampaha,2026-04-02,100
Gampaha,2026-04-03,100
Gampaha,2026-04-04,100
Gampaha,2026-04-05,100
Gampaha,2026-04-06,99
Gampaha,2026-04-07,98
Gampaha,2026-04-08,100
Gampaha,2026-04-09,100
Gampaha,2026-04-10,100
Gampaha,2026-04-11,89
Gampaha,2026-04-12,89
Gampaha,2026-04-13,92
Gampaha,2026-04-14,88
Gampaha,2026-04-15,92
Gampaha,2026-04-16,92
Gampaha,2026-04-17,55
Gampaha,2026-04-18,88
Gampaha,2026-04-19,89
Gampaha,2026-04-20,89
Gampaha,2026-04-21,87
Gampaha,2026-04-22,93
Gampaha,2026-04-23,78
Gampaha,2026-04-24,91
Gampaha,2026-04-25,48
Gampaha,2026-04-26,88
Gampaha,2026-04-27,89
Gampaha,2026-04-28,90
Gampaha,2026-04-29,59
Gampaha,2026-04-30,91
Gampaha,2026-05-01,89
Gampaha,2026-05-02,91
Gampaha,2026-05-03,83
Gampaha,2026-05-04,89
Gampaha,2026-05-05,87
Gampaha,2026-05-06,65
Gampaha,2026-05-07,64
Gampaha,2026-05-08,100
Gampaha,2026-05-09,100
Gampaha,2026-05-10,100
Gampaha,2026-05-11,55
Gampaha,2026-05-12,98
Gampaha,2026-05-13,100
Gampaha,2026-05-14,100
Gampaha,2026-05-15,86
Gampaha,2026-05-16,85
Gampaha,2026-05-17,89
Gampaha,2026-05-18,88
Gampaha,2026-05-19,92
Gampaha,2026-05-20,88
Gampaha,2026-05-21,87
Gampaha,2026-05-22,86
Gampaha,2026-05-23,84
Gampaha,2026-05-24,87
Gampaha,2026-05-25,89
Gampaha,2026-05-26,64
Gampaha,2026-05-27,62
Gampaha,2026-05-28,95
Gampaha,2026-05-29,100
Gampaha,2026-05-30,68
Gampaha,2026-05-31,98
Gampaha,2026-06-01,98
Gampaha,2026-06-02,98
Gampaha,2026-06-03,98
Gampaha,2026-06-04,100
Gampaha,2026-06-05,100
Gampaha,2026-06-06,72
Gampaha,2026-06-07,100
Gampaha,2026-06-08,100
Gampaha,2026-06-09,98
Gampaha,2026-06-10,100
Gampaha,2026-06-11,100
Gampaha,2026-06-12,99
Gampaha,2026-06-13,99
Gampaha,2026-06-14,98
Gampaha,2026-06-15,100
Gampaha,2026-06-16,100
Gampaha,2026-06-17,100
Gampaha,2026-06-18,100
Gampaha,2026-06-19,100
Gampaha,2026-06-20,57
Gampaha,2026-06-21,100
Gampaha,2026-06-22,99
Gampaha,2026-06-23,100
Gampaha,2026-06-24,73
Gampaha,2026-06-25,98
Gampaha,2026-06-26,100
Gampaha,2026-06-27,98
Gampaha,2026-06-28,100
Kalutara,2024-01-01,100
Kalutara,2024-01-02,100
Kalutara,2024-01-03,78
Kalutara,2024-01-04,100
Kalutara,2024-01-05,99
Kalutara,2024-01-06,100
Kalutara,2024-01-07,77
Kalutara,2024-01-08,98
Kalutara,2024-01-09,70
Kalutara,2024-01-10,100
Kalutara,2024-01-11,100
Kalutara,2024-01-12,100
Kalutara,2024-01-13,99
Kalutara,2024-01-14,97
Kalutara,2024-01-15,98
Kalutara,2024-01-16,100
Kalutara,2024-01-17,99
Kalutara,2024-01-18,100
Kalutara,2024-01-19,98
Kalutara,2024-01-20,100
Kalutara,2024-01-21,100
Kalutara,2024-01-22,100
Kalutara,2024-01-23,100
Kalutara,2024-01-24,98
Kalutara,2024-01-25,100
Kalutara,2024-01-26,99
Kalutara,2024-01-27,98
Kalutara,2024-01-28,100
Kalutara,2024-01-29,97
Kalutara,2024-01-30,100
Kalutara,2024-01-31,100
Kalutara,2024-02-01,100
Kalutara,2024-02-02,100
Kalutara,2024-02-03,74
Kalutara,2024-02-04,100
Kalutara,2024-02-05,99
Kalutara,2024-02-06,100
Kalutara,2024-02-07,60
Kalutara,2024-02-08,100
Kalutara,2024-02-09,100
Kalutara,2024-02-10,100
Kalutara,2024-02-11,98
Kalutara,2024-02-12,100
Kalutara,2024-02-13,100
Kalutara,2024-02-14,100
Kalutara,2024-02-15,100
Kalutara,2024-02-16,100
Kalutara,2024-02-17,100
Kalutara,2024-02-18,100
Kalutara,2024-02-19,100
Kalutara,2024-02-20,100
Kalutara,2024-02-21,66
Kalutara,2024-02-22,100
Kalutara,2024-02-23,100
Kalutara,2024-02-24,99
Kalutara,2024-02-25,99
Kalutara,2024-02-26,100
Kalutara,2024-02-27,100
Kalutara,2024-02-28,100
Kalutara,2024-02-29,99
Kalutara,2024-03-01,98
Kalutara,2024-03-02,100
Kalutara,2024-03-03,62
Kalutara,2024-03-04,99
Kalutara,2024-03-05,100
Kalutara,2024-03-06,69
Kalutara,2024-03-07,100
Kalutara,2024-03-08,67
Kalutara,2024-03-09,100
Kalutara,2024-03-10,78
Kalutara,2024-03-11,100
Kalutara,2024-03-12,100
Kalutara,2024-03-13,100
Kalutara,2024-03-14,100
Kalutara,2024-03-15,100
Kalutara,2024-03-16,100
Kalutara,2024-03-17,55
Kalutara,2024-03-18,99
Kalutara,2024-03-19,100
Kalutara,2024-03-20,67
Kalutara,2024-03-21,100
Kalutara,2024-03-22,100
Kalutara,2024-03-23,99
Kalutara,2024-03-24,97
Kalutara,2024-03-25,99
Kalutara,2024-03-26,100
Kalutara,2024-03-27,99
Kalutara,2024-03-28,100
Kalutara,2024-03-29,57
Kalutara,2024-03-30,97
Kalutara,2024-03-31,99
Kalutara,2024-04-01,100
Kalutara,2024-04-02,100
Kalutara,2024-04-03,95
Kalutara,2024-04-04,100
Kalutara,2024-04-05,98
Kalutara,2024-04-06,99
Kalutara,2024-04-07,100
Kalutara,2024-04-08,100
Kalutara,2024-04-09,100
Kalutara,2024-04-10,100
Kalutara,2024-04-11,100
Kalutara,2024-04-12,100
Kalutara,2024-04-13,100
Kalutara,2024-04-14,64
Kalutara,2024-04-15,100
Kalutara,2024-04-16,83
Kalutara,2024-04-17,100
Kalutara,2024-04-18,80
Kalutara,2024-04-19,100
Kalutara,2024-04-20,80
Kalutara,2024-04-21,100
Kalutara,2024-04-22,100
Kalutara,2024-04-23,99
Kalutara,2024-04-24,77
Kalutara,2024-04-25,63
Kalutara,2024-04-26,100
Kalutara,2024-04-27,100
Kalutara,2024-04-28,63
Kalutara,2024-04-29,58
Kalutara,2024-04-30,97
Kalutara,2024-05-01,99
Kalutara,2024-05-02,99
Kalutara,2024-05-03,63
Kalutara,2024-05-04,50
Kalutara,2024-05-05,100
Kalutara,2024-05-06,99
Kalutara,2024-05-07,99
Kalutara,2024-05-08,99
Kalutara,2024-05-09,100
Kalutara,2024-05-10,99
Kalutara,2024-05-11,47
Kalutara,2024-05-12,99
Kalutara,2024-05-13,99
Kalutara,2024-05-14,100
Kalutara,2024-05-15,97
Kalutara,2024-05-16,100
Kalutara,2024-05-17,98
Kalutara,2024-05-18,58
Kalutara,2024-05-19,99
Kalutara,2024-05-20,64
Kalutara,2024-05-21,100
Kalutara,2024-05-22,69
Kalutara,2024-05-23,100
Kalutara,2024-05-24,52
Kalutara,2024-05-25,98
Kalutara,2024-05-26,100
Kalutara,2024-05-27,51
Kalutara,2024-05-28,100
Kalutara,2024-05-29,100
Kalutara,2024-05-30,100
Kalutara,2024-05-31,99
Kalutara,2024-06-01,100
Kalutara,2024-06-02,100
Kalutara,2024-06-03,100
Kalutara,2024-06-04,65
Kalutara,2024-06-05,100
Kalutara,2024-06-06,99
Kalutara,2024-06-07,100
Kalutara,2024-06-08,57
Kalutara,2024-06-09,64
Kalutara,2024-06-10,69
Kalutara,2024-06-11,100
Kalutara,2024-06-12,100
Kalutara,2024-06-13,45
Kalutara,2024-06-14,59
Kalutara,2024-06-15,97
Kalutara,2024-06-16,100
Kalutara,2024-06-17,98
Kalutara,2024-06-18,64
Kalutara,2024-06-19,98
Kalutara,2024-06-20,100
Kalutara,2024-06-21,100
Kalutara,2024-06-22,100
Kalutara,2024-06-23,100
Kalutara,2024-06-24,100
Kalutara,2024-06-25,100
Kalutara,2024-06-26,99
Kalutara,2024-06-27,60
Kalutara,2024-06-28,64
Kalutara,2024-06-29,98
Kalutara,2024-06-30,99
Kalutara,2024-07-01,98
Kalutara,2024-07-02,100
Kalutara,2024-07-03,100
Kalutara,2024-07-04,96
Kalutara,2024-07-05,100
Kalutara,2024-07-06,97
Kalutara,2024-07-07,98
Kalutara,2024-07-08,100
Kalutara,2024-07-09,100
Kalutara,2024-07-10,100
Kalutara,2024-07-11,100
Kalutara,2024-07-12,99
Kalutara,2024-07-13,100
Kalutara,2024-07-14,100
Kalutara,2024-07-15,100
Kalutara,2024-07-16,99
Kalutara,2024-07-17,98
Kalutara,2024-07-18,94
Kalutara,2024-07-19,99
Kalutara,2024-07-20,100
Kalutara,2024-07-21,100
Kalutara,2024-07-22,100
Kalutara,2024-07-23,98
Kalutara,2024-07-24,62
Kalutara,2024-07-25,100
Kalutara,2024-07-26,100
Kalutara,2024-07-27,100
Kalutara,2024-07-28,100
Kalutara,2024-07-29,96
Kalutara,2024-07-30,98
Kalutara,2024-07-31,98
Kalutara,2024-08-01,100
Kalutara,2024-08-02,98
Kalutara,2024-08-03,100
Kalutara,2024-08-04,100
Kalutara,2024-08-05,100
Kalutara,2024-08-06,100
Kalutara,2024-08-07,100
Kalutara,2024-08-08,64
Kalutara,2024-08-09,99
Kalutara,2024-08-10,100
Kalutara,2024-08-11,98
Kalutara,2024-08-12,100
Kalutara,2024-08-13,100
Kalutara,2024-08-14,100
Kalutara,2024-08-15,99
Kalutara,2024-08-16,100
Kalutara,2024-08-17,96
Kalutara,2024-08-18,76
Kalutara,2024-08-19,100
Kalutara,2024-08-20,100
Kalutara,2024-08-21,100
Kalutara,2024-08-22,99
Kalutara,2024-08-23,100
Kalutara,2024-08-24,100
Kalutara,2024-08-25,100
Kalutara,2024-08-26,99
Kalutara,2024-08-27,100
Kalutara,2024-08-28,100
Kalutara,2024-08-29,100
Kalutara,2024-08-30,97
Kalutara,2024-08-31,100
Kalutara,2024-09-01,100
Kalutara,2024-09-02,100
Kalutara,2024-09-03,100
Kalutara,2024-09-04,100
Kalutara,2024-09-05,100
Kalutara,2024-09-06,99
Kalutara,2024-09-07,100
Kalutara,2024-09-08,100
Kalutara,2024-09-09,99
Kalutara,2024-09-10,100
Kalutara,2024-09-11,98
Kalutara,2024-09-12,99
Kalutara,2024-09-13,68
Kalutara,2024-09-14,99
Kalutara,2024-09-15,100
Kalutara,2024-09-16,98
Kalutara,2024-09-17,100
Kalutara,2024-09-18,100
Kalutara,2024-09-19,99
Kalutara,2024-09-20,100
Kalutara,2024-09-21,98
Kalutara,2024-09-22,100
Kalutara,2024-09-23,100
Kalutara,2024-09-24,99
Kalutara,2024-09-25,100
Kalutara,2024-09-26,100
Kalutara,2024-09-27,98
Kalutara,2024-09-28,100
Kalutara,2024-09-29,100
Kalutara,2024-09-30,100
Kalutara,2024-10-01,71
Kalutara,2024-10-02,70
Kalutara,2024-10-03,100
Kalutara,2024-10-04,68
Kalutara,2024-10-05,73
Kalutara,2024-10-06,98
Kalutara,2024-10-07,72
Kalutara,2024-10-08,100
Kalutara,2024-10-09,100
Kalutara,2024-10-10,100
Kalutara,2024-10-11,100
Kalutara,2024-10-12,100
Kalutara,2024-10-13,98
Kalutara,2024-10-14,100
Kalutara,2024-10-15,97
Kalutara,2024-10-16,99
Kalutara,2024-10-17,100
Kalutara,2024-10-18,100
Kalutara,2024-10-19,100
Kalutara,2024-10-20,56
Kalutara,2024-10-21,100
Kalutara,2024-10-22,99
Kalutara,2024-10-23,98
Kalutara,2024-10-24,79
Kalutara,2024-10-25,100
Kalutara,2024-10-26,100
Kalutara,2024-10-27,69
Kalutara,2024-10-28,97
Kalutara,2024-10-29,100
Kalutara,2024-10-30,99
Kalutara,2024-10-31,67
Kalutara,2024-11-01,55
Kalutara,2024-11-02,100
Kalutara,2024-11-03,65
Kalutara,2024-11-04,100
Kalutara,2024-11-05,99
Kalutara,2024-11-06,100
Kalutara,2024-11-07,98
Kalutara,2024-11-08,98
Kalutara,2024-11-09,75
Kalutara,2024-11-10,100
Kalutara,2024-11-11,100
Kalutara,2024-11-12,100
Kalutara,2024-11-13,100
Kalutara,2024-11-14,100
Kalutara,2024-11-15,69
Kalutara,2024-11-16,99
Kalutara,2024-11-17,100
Kalutara,2024-11-18,100
Kalutara,2024-11-19,100
Kalutara,2024-11-20,100
Kalutara,2024-11-21,98
Kalutara,2024-11-22,98
Kalutara,2024-11-23,100
Kalutara,2024-11-24,100
Kalutara,2024-11-25,100
Kalutara,2024-11-26,98
Kalutara,2024-11-27,99
Kalutara,2024-11-28,100
Kalutara,2024-11-29,95
Kalutara,2024-11-30,98
Kalutara,2024-12-01,100
Kalutara,2024-12-02,99
Kalutara,2024-12-03,98
Kalutara,2024-12-04,100
Kalutara,2024-12-05,59
Kalutara,2024-12-06,100
Kalutara,2024-12-07,100
Kalutara,2024-12-08,100
Kalutara,2024-12-09,100
Kalutara,2024-12-10,100
Kalutara,2024-12-11,100
Kalutara,2024-12-12,96
Kalutara,2024-12-13,99
Kalutara,2024-12-14,99
Kalutara,2024-12-15,98
Kalutara,2024-12-16,100
Kalutara,2024-12-17,98
Kalutara,2024-12-18,100
Kalutara,2024-12-19,93
Kalutara,2024-12-20,100
Kalutara,2024-12-21,100
Kalutara,2024-12-22,99
Kalutara,2024-12-23,100
Kalutara,2024-12-24,100
Kalutara,2024-12-25,100
Kalutara,2024-12-26,99
Kalutara,2024-12-27,100
Kalutara,2024-12-28,96
Kalutara,2024-12-29,100
Kalutara,2024-12-30,97
Kalutara,2024-12-31,100
Kalutara,2025-01-01,98
Kalutara,2025-01-02,99
Kalutara,2025-01-03,100
Kalutara,2025-01-04,100
Kalutara,2025-01-05,98
Kalutara,2025-01-06,97
Kalutara,2025-01-07,100
Kalutara,2025-01-08,58
Kalutara,2025-01-09,97
Kalutara,2025-01-10,100
Kalutara,2025-01-11,100
Kalutara,2025-01-12,99
Kalutara,2025-01-13,100
Kalutara,2025-01-14,99
Kalutara,2025-01-15,100
Kalutara,2025-01-16,100
Kalutara,2025-01-17,100
Kalutara,2025-01-18,96
Kalutara,2025-01-19,90
Kalutara,2025-01-20,93
Kalutara,2025-01-21,95
Kalutara,2025-01-22,96
Kalutara,2025-01-23,96
Kalutara,2025-01-24,97
Kalutara,2025-01-25,96
Kalutara,2025-01-26,92
Kalutara,2025-01-27,90
Kalutara,2025-01-28,89
Kalutara,2025-01-29,95
Kalutara,2025-01-30,92
Kalutara,2025-01-31,89
Kalutara,2025-02-01,81
Kalutara,2025-02-02,71
Kalutara,2025-02-03,93
Kalutara,2025-02-04,94
Kalutara,2025-02-05,90
Kalutara,2025-02-06,95
Kalutara,2025-02-07,92
Kalutara,2025-02-08,93
Kalutara,2025-02-09,91
Kalutara,2025-02-10,92
Kalutara,2025-02-11,90
Kalutara,2025-02-12,79
Kalutara,2025-02-13,94
Kalutara,2025-02-14,100
Kalutara,2025-02-15,98
Kalutara,2025-02-16,100
Kalutara,2025-02-17,100
Kalutara,2025-02-18,100
Kalutara,2025-02-19,99
Kalutara,2025-02-20,99
Kalutara,2025-02-21,74
Kalutara,2025-02-22,99
Kalutara,2025-02-23,95
Kalutara,2025-02-24,100
Kalutara,2025-02-25,66
Kalutara,2025-02-26,99
Kalutara,2025-02-27,100
Kalutara,2025-02-28,98
Kalutara,2025-03-01,67
Kalutara,2025-03-02,67
Kalutara,2025-03-03,100
Kalutara,2025-03-04,100
Kalutara,2025-03-05,100
Kalutara,2025-03-06,99
Kalutara,2025-03-07,100
Kalutara,2025-03-08,100
Kalutara,2025-03-09,100
Kalutara,2025-03-10,100
Kalutara,2025-03-11,100
Kalutara,2025-03-12,89
Kalutara,2025-03-13,88
Kalutara,2025-03-14,90
Kalutara,2025-03-15,54
Kalutara,2025-03-16,90
Kalutara,2025-03-17,89
Kalutara,2025-03-18,84
Kalutara,2025-03-19,88
Kalutara,2025-03-20,89
Kalutara,2025-03-21,91
Kalutara,2025-03-22,65
Kalutara,2025-03-23,88
Kalutara,2025-03-24,87
Kalutara,2025-03-25,86
Kalutara,2025-03-26,88
Kalutara,2025-03-27,88
Kalutara,2025-03-28,83
Kalutara,2025-03-29,90
Kalutara,2025-03-30,99
Kalutara,2025-03-31,100
Kalutara,2025-04-01,55
Kalutara,2025-04-02,96
Kalutara,2025-04-03,100
Kalutara,2025-04-04,100
Kalutara,2025-04-05,51
Kalutara,2025-04-06,100
Kalutara,2025-04-07,55
Kalutara,2025-04-08,100
Kalutara,2025-04-09,46
Kalutara,2025-04-10,66
Kalutara,2025-04-11,100
Kalutara,2025-04-12,99
Kalutara,2025-04-13,97
Kalutara,2025-04-14,100
Kalutara,2025-04-15,100
Kalutara,2025-04-16,100
Kalutara,2025-04-17,52
Kalutara,2025-04-18,100
Kalutara,2025-04-19,100
Kalutara,2025-04-20,58
Kalutara,2025-04-21,100
Kalutara,2025-04-22,96
Kalutara,2025-04-23,100
Kalutara,2025-04-24,99
Kalutara,2025-04-25,100
Kalutara,2025-04-26,98
Kalutara,2025-04-27,99
Kalutara,2025-04-28,55
Kalutara,2025-04-29,99
Kalutara,2025-04-30,98
Kalutara,2025-05-01,69
Kalutara,2025-05-02,100
Kalutara,2025-05-03,100
Kalutara,2025-05-04,55
Kalutara,2025-05-05,100
Kalutara,2025-05-06,97
Kalutara,2025-05-07,100
Kalutara,2025-05-08,100
Kalutara,2025-05-09,100
Kalutara,2025-05-10,100
Kalutara,2025-05-11,100
Kalutara,2025-05-12,100
Kalutara,2025-05-13,100
Kalutara,2025-05-14,99
Kalutara,2025-05-15,100
Kalutara,2025-05-16,100
Kalutara,2025-05-17,100
Kalutara,2025-05-18,99
Kalutara,2025-05-19,46
Kalutara,2025-05-20,61
Kalutara,2025-05-21,100
Kalutara,2025-05-22,100
Kalutara,2025-05-23,54
Kalutara,2025-05-24,98
Kalutara,2025-05-25,74
Kalutara,2025-05-26,46
Kalutara,2025-05-27,100
Kalutara,2025-05-28,99
Kalutara,2025-05-29,98
Kalutara,2025-05-30,100
Kalutara,2025-05-31,100
Kalutara,2025-06-01,100
Kalutara,2025-06-02,99
Kalutara,2025-06-03,100
Kalutara,2025-06-04,100
Kalutara,2025-06-05,97
Kalutara,2025-06-06,65
Kalutara,2025-06-07,98
Kalutara,2025-06-08,99
Kalutara,2025-06-09,100
Kalutara,2025-06-10,100
Kalutara,2025-06-11,100
Kalutara,2025-06-12,97
Kalutara,2025-06-13,100
Kalutara,2025-06-14,98
Kalutara,2025-06-15,100
Kalutara,2025-06-16,95
Kalutara,2025-06-17,100
Kalutara,2025-06-18,55
Kalutara,2025-06-19,100
Kalutara,2025-06-20,100
Kalutara,2025-06-21,97
Kalutara,2025-06-22,100
Kalutara,2025-06-23,99
Kalutara,2025-06-24,100
Kalutara,2025-06-25,100
Kalutara,2025-06-26,71
Kalutara,2025-06-27,98
Kalutara,2025-06-28,63
Kalutara,2025-06-29,56
Kalutara,2025-06-30,100
Kalutara,2025-07-01,63
Kalutara,2025-07-02,100
Kalutara,2025-07-03,100
Kalutara,2025-07-04,100
Kalutara,2025-07-05,100
Kalutara,2025-07-06,100
Kalutara,2025-07-07,100
Kalutara,2025-07-08,100
Kalutara,2025-07-09,73
Kalutara,2025-07-10,99
Kalutara,2025-07-11,100
Kalutara,2025-07-12,100
Kalutara,2025-07-13,100
Kalutara,2025-07-14,100
Kalutara,2025-07-15,100
Kalutara,2025-07-16,100
Kalutara,2025-07-17,100
Kalutara,2025-07-18,100
Kalutara,2025-07-19,96
Kalutara,2025-07-20,100
Kalutara,2025-07-21,100
Kalutara,2025-07-22,100
Kalutara,2025-07-23,97
Kalutara,2025-07-24,98
Kalutara,2025-07-25,96
Kalutara,2025-07-26,100
Kalutara,2025-07-27,99
Kalutara,2025-07-28,100
Kalutara,2025-07-29,99
Kalutara,2025-07-30,98
Kalutara,2025-07-31,97
Kalutara,2025-08-01,60
Kalutara,2025-08-02,100
Kalutara,2025-08-03,78
Kalutara,2025-08-04,100
Kalutara,2025-08-05,99
Kalutara,2025-08-06,100
Kalutara,2025-08-07,98
Kalutara,2025-08-08,100
Kalutara,2025-08-09,100
Kalutara,2025-08-10,100
Kalutara,2025-08-11,100
Kalutara,2025-08-12,100
Kalutara,2025-08-13,99
Kalutara,2025-08-14,99
Kalutara,2025-08-15,99
Kalutara,2025-08-16,100
Kalutara,2025-08-17,80
Kalutara,2025-08-18,100
Kalutara,2025-08-19,100
Kalutara,2025-08-20,100
Kalutara,2025-08-21,97
Kalutara,2025-08-22,100
Kalutara,2025-08-23,100
Kalutara,2025-08-24,100
Kalutara,2025-08-25,98
Kalutara,2025-08-26,100
Kalutara,2025-08-27,100
Kalutara,2025-08-28,100
Kalutara,2025-08-29,99
Kalutara,2025-08-30,97
Kalutara,2025-08-31,99
Kalutara,2025-09-01,96
Kalutara,2025-09-02,100
Kalutara,2025-09-03,98
Kalutara,2025-09-04,100
Kalutara,2025-09-05,98
Kalutara,2025-09-06,100
Kalutara,2025-09-07,100
Kalutara,2025-09-08,100
Kalutara,2025-09-09,100
Kalutara,2025-09-10,98
Kalutara,2025-09-11,99
Kalutara,2025-09-12,100
Kalutara,2025-09-13,97
Kalutara,2025-09-14,100
Kalutara,2025-09-15,98
Kalutara,2025-09-16,98
Kalutara,2025-09-17,98
Kalutara,2025-09-18,100
Kalutara,2025-09-19,80
Kalutara,2025-09-20,100
Kalutara,2025-09-21,100
Kalutara,2025-09-22,100
Kalutara,2025-09-23,100
Kalutara,2025-09-24,98
Kalutara,2025-09-25,100
Kalutara,2025-09-26,100
Kalutara,2025-09-27,95
Kalutara,2025-09-28,76
Kalutara,2025-09-29,100
Kalutara,2025-09-30,100
Kalutara,2025-10-01,100
Kalutara,2025-10-02,100
Kalutara,2025-10-03,98
Kalutara,2025-10-04,48
Kalutara,2025-10-05,100
Kalutara,2025-10-06,100
Kalutara,2025-10-07,71
Kalutara,2025-10-08,68
Kalutara,2025-10-09,64
Kalutara,2025-10-10,100
Kalutara,2025-10-11,99
Kalutara,2025-10-12,98
Kalutara,2025-10-13,99
Kalutara,2025-10-14,98
Kalutara,2025-10-15,100
Kalutara,2025-10-16,100
Kalutara,2025-10-17,100
Kalutara,2025-10-18,99
Kalutara,2025-10-19,100
Kalutara,2025-10-20,97
Kalutara,2025-10-21,100
Kalutara,2025-10-22,99
Kalutara,2025-10-23,98
Kalutara,2025-10-24,100
Kalutara,2025-10-25,97
Kalutara,2025-10-26,100
Kalutara,2025-10-27,100
Kalutara,2025-10-28,99
Kalutara,2025-10-29,100
Kalutara,2025-10-30,100
Kalutara,2025-10-31,99
Kalutara,2025-11-01,59
Kalutara,2025-11-02,96
Kalutara,2025-11-03,100
Kalutara,2025-11-04,100
Kalutara,2025-11-05,100
Kalutara,2025-11-06,100
Kalutara,2025-11-07,99
Kalutara,2025-11-08,100
Kalutara,2025-11-09,100
Kalutara,2025-11-10,100
Kalutara,2025-11-11,100
Kalutara,2025-11-12,100
Kalutara,2025-11-13,100
Kalutara,2025-11-14,100
Kalutara,2025-11-15,97
Kalutara,2025-11-16,100
Kalutara,2025-11-17,71
Kalutara,2025-11-18,97
Kalutara,2025-11-19,100
Kalutara,2025-11-20,99
Kalutara,2025-11-21,94
Kalutara,2025-11-22,99
Kalutara,2025-11-23,83
Kalutara,2025-11-24,56
Kalutara,2025-11-25,79
Kalutara,2025-11-26,78
Kalutara,2025-11-27,54
Kalutara,2025-11-28,79
Kalutara,2025-11-29,82
Kalutara,2025-11-30,79
Kalutara,2025-12-01,78
Kalutara,2025-12-02,82
Kalutara,2025-12-03,79
Kalutara,2025-12-04,80
Kalutara,2025-12-05,79
Kalutara,2025-12-06,82
Kalutara,2025-12-07,83
Kalutara,2025-12-08,77
Kalutara,2025-12-09,82
Kalutara,2025-12-10,78
Kalutara,2025-12-11,80
Kalutara,2025-12-12,79
Kalutara,2025-12-13,82
Kalutara,2025-12-14,99
Kalutara,2025-12-15,99
Kalutara,2025-12-16,100
Kalutara,2025-12-17,98
Kalutara,2025-12-18,100
Kalutara,2025-12-19,100
Kalutara,2025-12-20,100
Kalutara,2025-12-21,100
Kalutara,2025-12-22,98
Kalutara,2025-12-23,100
Kalutara,2025-12-24,98
Kalutara,2025-12-25,100
Kalutara,2025-12-26,61
Kalutara,2025-12-27,100
Kalutara,2025-12-28,100
Kalutara,2025-12-29,100
Kalutara,2025-12-30,100
Kalutara,2025-12-31,100
Kalutara,2026-01-01,100
Kalutara,2026-01-02,97
Kalutara,2026-01-03,99
Kalutara,2026-01-04,95
Kalutara,2026-01-05,100
Kalutara,2026-01-06,100
Kalutara,2026-01-07,100
Kalutara,2026-01-08,99
Kalutara,2026-01-09,99
Kalutara,2026-01-10,100
Kalutara,2026-01-11,100
Kalutara,2026-01-12,79
Kalutara,2026-01-13,100
Kalutara,2026-01-14,100
Kalutara,2026-01-15,100
Kalutara,2026-01-16,99
Kalutara,2026-01-17,100
Kalutara,2026-01-18,71
Kalutara,2026-01-19,100
Kalutara,2026-01-20,100
Kalutara,2026-01-21,100
Kalutara,2026-01-22,98
Kalutara,2026-01-23,69
Kalutara,2026-01-24,99
Kalutara,2026-01-25,100
Kalutara,2026-01-26,100
Kalutara,2026-01-27,98
Kalutara,2026-01-28,76
Kalutara,2026-01-29,100
Kalutara,2026-01-30,100
Kalutara,2026-01-31,100
Kalutara,2026-02-01,100
Kalutara,2026-02-02,99
Kalutara,2026-02-03,100
Kalutara,2026-02-04,100
Kalutara,2026-02-05,98
Kalutara,2026-02-06,100
Kalutara,2026-02-07,98
Kalutara,2026-02-08,100
Kalutara,2026-02-09,98
Kalutara,2026-02-10,98
Kalutara,2026-02-11,100
Kalutara,2026-02-12,100
Kalutara,2026-02-13,99
Kalutara,2026-02-14,80
Kalutara,2026-02-15,100
Kalutara,2026-02-16,100
Kalutara,2026-02-17,98
Kalutara,2026-02-18,96
Kalutara,2026-02-19,100
Kalutara,2026-02-20,100
Kalutara,2026-02-21,97
Kalutara,2026-02-22,98
Kalutara,2026-02-23,98
Kalutara,2026-02-24,99
Kalutara,2026-02-25,100
Kalutara,2026-02-26,100
Kalutara,2026-02-27,99
Kalutara,2026-02-28,100
Kalutara,2026-03-01,100
Kalutara,2026-03-02,48
Kalutara,2026-03-03,100
Kalutara,2026-03-04,97
Kalutara,2026-03-05,84
Kalutara,2026-03-06,99
Kalutara,2026-03-07,97
Kalutara,2026-03-08,80
Kalutara,2026-03-09,99
Kalutara,2026-03-10,100
Kalutara,2026-03-11,97
Kalutara,2026-03-12,62
Kalutara,2026-03-13,100
Kalutara,2026-03-14,97
Kalutara,2026-03-15,100
Kalutara,2026-03-16,100
Kalutara,2026-03-17,93
Kalutara,2026-03-18,99
Kalutara,2026-03-19,100
Kalutara,2026-03-20,97
Kalutara,2026-03-21,64
Kalutara,2026-03-22,100
Kalutara,2026-03-23,100
Kalutara,2026-03-24,100
Kalutara,2026-03-25,100
Kalutara,2026-03-26,46
Kalutara,2026-03-27,84
Kalutara,2026-03-28,90
Kalutara,2026-03-29,88
Kalutara,2026-03-30,91
Kalutara,2026-03-31,89
Kalutara,2026-04-01,60
Kalutara,2026-04-02,88
Kalutara,2026-04-03,92
Kalutara,2026-04-04,71
Kalutara,2026-04-05,86
Kalutara,2026-04-06,87
Kalutara,2026-04-07,90
Kalutara,2026-04-08,77
Kalutara,2026-04-09,87
Kalutara,2026-04-10,79
Kalutara,2026-04-11,90
Kalutara,2026-04-12,87
Kalutara,2026-04-13,90
Kalutara,2026-04-14,57
Kalutara,2026-04-15,91
Kalutara,2026-04-16,91
Kalutara,2026-04-17,54
Kalutara,2026-04-18,89
Kalutara,2026-04-19,90
Kalutara,2026-04-20,100
Kalutara,2026-04-21,54
Kalutara,2026-04-22,100
Kalutara,2026-04-23,100
Kalutara,2026-04-24,99
Kalutara,2026-04-25,99
Kalutara,2026-04-26,97
Kalutara,2026-04-27,100
Kalutara,2026-04-28,99
Kalutara,2026-04-29,100
Kalutara,2026-04-30,100
Kalutara,2026-05-01,100
Kalutara,2026-05-02,98
Kalutara,2026-05-03,46
Kalutara,2026-05-04,53
Kalutara,2026-05-05,80
Kalutara,2026-05-06,80
Kalutara,2026-05-07,67
Kalutara,2026-05-08,81
Kalutara,2026-05-09,85
Kalutara,2026-05-10,62
Kalutara,2026-05-11,66
Kalutara,2026-05-12,69
Kalutara,2026-05-13,80
Kalutara,2026-05-14,82
Kalutara,2026-05-15,80
Kalutara,2026-05-16,82
Kalutara,2026-05-17,81
Kalutara,2026-05-18,81
Kalutara,2026-05-19,78
Kalutara,2026-05-20,81
Kalutara,2026-05-21,80
Kalutara,2026-05-22,79
Kalutara,2026-05-23,78
Kalutara,2026-05-24,80
Kalutara,2026-05-25,80
Kalutara,2026-05-26,83
Kalutara,2026-05-27,90
Kalutara,2026-05-28,87
Kalutara,2026-05-29,85
Kalutara,2026-05-30,85
Kalutara,2026-05-31,91
Kalutara,2026-06-01,86
Kalutara,2026-06-02,87
Kalutara,2026-06-03,86
Kalutara,2026-06-04,83
Kalutara,2026-06-05,89
Kalutara,2026-06-06,90
Kalutara,2026-06-07,89
Kalutara,2026-06-08,88
Kalutara,2026-06-09,88
Kalutara,2026-06-10,82
Kalutara,2026-06-11,87
Kalutara,2026-06-12,100
Kalutara,2026-06-13,100
Kalutara,2026-06-14,100
Kalutara,2026-06-15,98
Kalutara,2026-06-16,78
Kalutara,2026-06-17,100
Kalutara,2026-06-18,98
Kalutara,2026-06-19,97
Kalutara,2026-06-20,100
Kalutara,2026-06-21,98
Kalutara,2026-06-22,100
Kalutara,2026-06-23,100
Kalutara,2026-06-24,100
Kalutara,2026-06-25,100
Kalutara,2026-06-26,100
Kalutara,2026-06-27,100
Kalutara,2026-06-28,68
Galle,2024-01-01,100
Galle,2024-01-02,99
Galle,2024-01-03,100
Galle,2024-01-04,100
Galle,2024-01-05,100
Galle,2024-01-06,75
Galle,2024-01-07,100
Galle,2024-01-08,95
Galle,2024-01-09,100
Galle,2024-01-10,100
Galle,2024-01-11,99
Galle,2024-01-12,100
Galle,2024-01-13,98
Galle,2024-01-14,100
Galle,2024-01-15,99
Galle,2024-01-16,99
Galle,2024-01-17,100
Galle,2024-01-18,60
Galle,2024-01-19,100
Galle,2024-01-20,72
Galle,2024-01-21,100
Galle,2024-01-22,98
Galle,2024-01-23,100
Galle,2024-01-24,97
Galle,2024-01-25,98
Galle,2024-01-26,99
Galle,2024-01-27,100
Galle,2024-01-28,99
Galle,2024-01-29,100
Galle,2024-01-30,100
Galle,2024-01-31,100
Galle,2024-02-01,98
Galle,2024-02-02,98
Galle,2024-02-03,100
Galle,2024-02-04,69
Galle,2024-02-05,100
Galle,2024-02-06,100
Galle,2024-02-07,99
Galle,2024-02-08,100
Galle,2024-02-09,100
Galle,2024-02-10,100
Galle,2024-02-11,100
Galle,2024-02-12,100
Galle,2024-02-13,100
Galle,2024-02-14,100
Galle,2024-02-15,99
Galle,2024-02-16,98
Galle,2024-02-17,98
Galle,2024-02-18,64
Galle,2024-02-19,100
Galle,2024-02-20,100
Galle,2024-02-21,71
Galle,2024-02-22,100
Galle,2024-02-23,70
Galle,2024-02-24,100
Galle,2024-02-25,100
Galle,2024-02-26,97
Galle,2024-02-27,100
Galle,2024-02-28,99
Galle,2024-02-29,98
Galle,2024-03-01,100
Galle,2024-03-02,100
Galle,2024-03-03,97
Galle,2024-03-04,99
Galle,2024-03-05,96
Galle,2024-03-06,58
Galle,2024-03-07,99
Galle,2024-03-08,61
Galle,2024-03-09,98
Galle,2024-03-10,99
Galle,2024-03-11,47
Galle,2024-03-12,98
Galle,2024-03-13,100
Galle,2024-03-14,99
Galle,2024-03-15,97
Galle,2024-03-16,100
Galle,2024-03-17,73
Galle,2024-03-18,99
Galle,2024-03-19,99
Galle,2024-03-20,100
Galle,2024-03-21,100
Galle,2024-03-22,100
Galle,2024-03-23,100
Galle,2024-03-24,98
Galle,2024-03-25,43
Galle,2024-03-26,62
Galle,2024-03-27,99
Galle,2024-03-28,100
Galle,2024-03-29,55
Galle,2024-03-30,96
Galle,2024-03-31,100
Galle,2024-04-01,95
Galle,2024-04-02,99
Galle,2024-04-03,100
Galle,2024-04-04,70
Galle,2024-04-05,100
Galle,2024-04-06,98
Galle,2024-04-07,95
Galle,2024-04-08,100
Galle,2024-04-09,98
Galle,2024-04-10,99
Galle,2024-04-11,100
Galle,2024-04-12,97
Galle,2024-04-13,97
Galle,2024-04-14,100
Galle,2024-04-15,100
Galle,2024-04-16,100
Galle,2024-04-17,100
Galle,2024-04-18,61
Galle,2024-04-19,99
Galle,2024-04-20,100
Galle,2024-04-21,54
Galle,2024-04-22,77
Galle,2024-04-23,97
Galle,2024-04-24,99
Galle,2024-04-25,46
Galle,2024-04-26,100
Galle,2024-04-27,100
Galle,2024-04-28,99
Galle,2024-04-29,70
Galle,2024-04-30,100
Galle,2024-05-01,100
Galle,2024-05-02,98
Galle,2024-05-03,99
Galle,2024-05-04,100
Galle,2024-05-05,100
Galle,2024-05-06,93
Galle,2024-05-07,93
Galle,2024-05-08,89
Galle,2024-05-09,94
Galle,2024-05-10,52
Galle,2024-05-11,92
Galle,2024-05-12,90
Galle,2024-05-13,94
Galle,2024-05-14,56
Galle,2024-05-15,93
Galle,2024-05-16,94
Galle,2024-05-17,91
Galle,2024-05-18,93
Galle,2024-05-19,92
Galle,2024-05-20,52
Galle,2024-05-21,90
Galle,2024-05-22,92
Galle,2024-05-23,76
Galle,2024-05-24,91
Galle,2024-05-25,90
Galle,2024-05-26,93
Galle,2024-05-27,70
Galle,2024-05-28,97
Galle,2024-05-29,89
Galle,2024-05-30,92
Galle,2024-05-31,73
Galle,2024-06-01,100
Galle,2024-06-02,100
Galle,2024-06-03,60
Galle,2024-06-04,62
Galle,2024-06-05,100
Galle,2024-06-06,100
Galle,2024-06-07,100
Galle,2024-06-08,100
Galle,2024-06-09,100
Galle,2024-06-10,100
Galle,2024-06-11,100
Galle,2024-06-12,64
Galle,2024-06-13,100
Galle,2024-06-14,61
Galle,2024-06-15,98
Galle,2024-06-16,100
Galle,2024-06-17,99
Galle,2024-06-18,99
Galle,2024-06-19,99
Galle,2024-06-20,99
Galle,2024-06-21,100
Galle,2024-06-22,99
Galle,2024-06-23,66
Galle,2024-06-24,42
Galle,2024-06-25,98
Galle,2024-06-26,98
Galle,2024-06-27,100
Galle,2024-06-28,100
Galle,2024-06-29,100
Galle,2024-06-30,100
Galle,2024-07-01,98
Galle,2024-07-02,100
Galle,2024-07-03,100
Galle,2024-07-04,98
Galle,2024-07-05,100
Galle,2024-07-06,100
Galle,2024-07-07,95
Galle,2024-07-08,74
Galle,2024-07-09,98
Galle,2024-07-10,100
Galle,2024-07-11,94
Galle,2024-07-12,100
Galle,2024-07-13,100
Galle,2024-07-14,100
Galle,2024-07-15,99
Galle,2024-07-16,100
Galle,2024-07-17,100
Galle,2024-07-18,99
Galle,2024-07-19,100
Galle,2024-07-20,64
Galle,2024-07-21,100
Galle,2024-07-22,98
Galle,2024-07-23,99
Galle,2024-07-24,100
Galle,2024-07-25,97
Galle,2024-07-26,100
Galle,2024-07-27,98
Galle,2024-07-28,97
Galle,2024-07-29,100
Galle,2024-07-30,100
Galle,2024-07-31,56
Galle,2024-08-01,97
Galle,2024-08-02,100
Galle,2024-08-03,98
Galle,2024-08-04,98
Galle,2024-08-05,100
Galle,2024-08-06,99
Galle,2024-08-07,100
Galle,2024-08-08,99
Galle,2024-08-09,100
Galle,2024-08-10,67
Galle,2024-08-11,100
Galle,2024-08-12,77
Galle,2024-08-13,99
Galle,2024-08-14,100
Galle,2024-08-15,100
Galle,2024-08-16,96
Galle,2024-08-17,100
Galle,2024-08-18,99
Galle,2024-08-19,99
Galle,2024-08-20,100
Galle,2024-08-21,99
Galle,2024-08-22,100
Galle,2024-08-23,100
Galle,2024-08-24,100
Galle,2024-08-25,100
Galle,2024-08-26,99
Galle,2024-08-27,100
Galle,2024-08-28,100
Galle,2024-08-29,100
Galle,2024-08-30,97
Galle,2024-08-31,98
Galle,2024-09-01,99
Galle,2024-09-02,100
Galle,2024-09-03,100
Galle,2024-09-04,99
Galle,2024-09-05,100
Galle,2024-09-06,99
Galle,2024-09-07,98
Galle,2024-09-08,100
Galle,2024-09-09,98
Galle,2024-09-10,98
Galle,2024-09-11,81
Galle,2024-09-12,82
Galle,2024-09-13,81
Galle,2024-09-14,80
Galle,2024-09-15,66
Galle,2024-09-16,86
Galle,2024-09-17,80
Galle,2024-09-18,81
Galle,2024-09-19,83
Galle,2024-09-20,85
Galle,2024-09-21,78
Galle,2024-09-22,85
Galle,2024-09-23,78
Galle,2024-09-24,79
Galle,2024-09-25,83
Galle,2024-09-26,80
Galle,2024-09-27,85
Galle,2024-09-28,69
Galle,2024-09-29,99
Galle,2024-09-30,97
Galle,2024-10-01,96
Galle,2024-10-02,97
Galle,2024-10-03,100
Galle,2024-10-04,95
Galle,2024-10-05,100
Galle,2024-10-06,100
Galle,2024-10-07,100
Galle,2024-10-08,96
Galle,2024-10-09,100
Galle,2024-10-10,99
Galle,2024-10-11,42
Galle,2024-10-12,99
Galle,2024-10-13,98
Galle,2024-10-14,100
Galle,2024-10-15,100
Galle,2024-10-16,65
Galle,2024-10-17,100
Galle,2024-10-18,100
Galle,2024-10-19,99
Galle,2024-10-20,100
Galle,2024-10-21,97
Galle,2024-10-22,95
Galle,2024-10-23,78
Galle,2024-10-24,100
Galle,2024-10-25,100
Galle,2024-10-26,60
Galle,2024-10-27,100
Galle,2024-10-28,53
Galle,2024-10-29,98
Galle,2024-10-30,100
Galle,2024-10-31,100
Galle,2024-11-01,97
Galle,2024-11-02,99
Galle,2024-11-03,100
Galle,2024-11-04,99
Galle,2024-11-05,97
Galle,2024-11-06,98
Galle,2024-11-07,97
Galle,2024-11-08,97
Galle,2024-11-09,84
Galle,2024-11-10,79
Galle,2024-11-11,82
Galle,2024-11-12,80
Galle,2024-11-13,81
Galle,2024-11-14,80
Galle,2024-11-15,84
Galle,2024-11-16,79
Galle,2024-11-17,79
Galle,2024-11-18,83
Galle,2024-11-19,83
Galle,2024-11-20,81
Galle,2024-11-21,81
Galle,2024-11-22,79
Galle,2024-11-23,77
Galle,2024-11-24,82
Galle,2024-11-25,83
Galle,2024-11-26,83
Galle,2024-11-27,82
Galle,2024-11-28,80
Galle,2024-11-29,79
Galle,2024-11-30,81
Galle,2024-12-01,82
Galle,2024-12-02,82
Galle,2024-12-03,78
Galle,2024-12-04,75
Galle,2024-12-05,99
Galle,2024-12-06,100
Galle,2024-12-07,100
Galle,2024-12-08,100
Galle,2024-12-09,100
Galle,2024-12-10,100
Galle,2024-12-11,100
Galle,2024-12-12,99
Galle,2024-12-13,99
Galle,2024-12-14,100
Galle,2024-12-15,100
Galle,2024-12-16,100
Galle,2024-12-17,100
Galle,2024-12-18,99
Galle,2024-12-19,98
Galle,2024-12-20,95
Galle,2024-12-21,99
Galle,2024-12-22,98
Galle,2024-12-23,98
Galle,2024-12-24,100
Galle,2024-12-25,100
Galle,2024-12-26,100
Galle,2024-12-27,99
Galle,2024-12-28,100
Galle,2024-12-29,98
Galle,2024-12-30,99
Galle,2024-12-31,99
Galle,2025-01-01,100
Galle,2025-01-02,98
Galle,2025-01-03,98
Galle,2025-01-04,100
Galle,2025-01-05,99
Galle,2025-01-06,100
Galle,2025-01-07,99
Galle,2025-01-08,100
Galle,2025-01-09,61
Galle,2025-01-10,98
Galle,2025-01-11,98
Galle,2025-01-12,100
Galle,2025-01-13,100
Galle,2025-01-14,100
Galle,2025-01-15,100
Galle,2025-01-16,66
Galle,2025-01-17,97
Galle,2025-01-18,100
Galle,2025-01-19,100
Galle,2025-01-20,94
Galle,2025-01-21,100
Galle,2025-01-22,97
Galle,2025-01-23,99
Galle,2025-01-24,100
Galle,2025-01-25,66
Galle,2025-01-26,100
Galle,2025-01-27,100
Galle,2025-01-28,100
Galle,2025-01-29,100
Galle,2025-01-30,100
Galle,2025-01-31,100
Galle,2025-02-01,99
Galle,2025-02-02,100
Galle,2025-02-03,100
Galle,2025-02-04,99
Galle,2025-02-05,100
Galle,2025-02-06,99
Galle,2025-02-07,100
Galle,2025-02-08,99
Galle,2025-02-09,100
Galle,2025-02-10,100
Galle,2025-02-11,97
Galle,2025-02-12,98
Galle,2025-02-13,99
Galle,2025-02-14,78
Galle,2025-02-15,100
Galle,2025-02-16,87
Galle,2025-02-17,85
Galle,2025-02-18,78
Galle,2025-02-19,84
Galle,2025-02-20,84
Galle,2025-02-21,84
Galle,2025-02-22,86
Galle,2025-02-23,87
Galle,2025-02-24,88
Galle,2025-02-25,86
Galle,2025-02-26,86
Galle,2025-02-27,84
Galle,2025-02-28,89
Galle,2025-03-01,85
Galle,2025-03-02,82
Galle,2025-03-03,66
Galle,2025-03-04,85
Galle,2025-03-05,88
Galle,2025-03-06,84
Galle,2025-03-07,43
Galle,2025-03-08,84
Galle,2025-03-09,70
Galle,2025-03-10,83
Galle,2025-03-11,86
Galle,2025-03-12,84
Galle,2025-03-13,45
Galle,2025-03-14,82
Galle,2025-03-15,47
Galle,2025-03-16,50
Galle,2025-03-17,87
Galle,2025-03-18,80
Galle,2025-03-19,87
Galle,2025-03-20,76
Galle,2025-03-21,85
Galle,2025-03-22,87
Galle,2025-03-23,89
Galle,2025-03-24,91
Galle,2025-03-25,64
Galle,2025-03-26,90
Galle,2025-03-27,87
Galle,2025-03-28,88
Galle,2025-03-29,46
Galle,2025-03-30,89
Galle,2025-03-31,89
Galle,2025-04-01,89
Galle,2025-04-02,90
Galle,2025-04-03,88
Galle,2025-04-04,85
Galle,2025-04-05,100
Galle,2025-04-06,100
Galle,2025-04-07,98
Galle,2025-04-08,100
Galle,2025-04-09,97
Galle,2025-04-10,99
Galle,2025-04-11,45
Galle,2025-04-12,97
Galle,2025-04-13,100
Galle,2025-04-14,100
Galle,2025-04-15,97
Galle,2025-04-16,100
Galle,2025-04-17,100
Galle,2025-04-18,53
Galle,2025-04-19,97
Galle,2025-04-20,48
Galle,2025-04-21,97
Galle,2025-04-22,100
Galle,2025-04-23,98
Galle,2025-04-24,98
Galle,2025-04-25,99
Galle,2025-04-26,95
Galle,2025-04-27,100
Galle,2025-04-28,100
Galle,2025-04-29,100
Galle,2025-04-30,100
Galle,2025-05-01,99
Galle,2025-05-02,100
Galle,2025-05-03,69
Galle,2025-05-04,100
Galle,2025-05-05,100
Galle,2025-05-06,100
Galle,2025-05-07,100
Galle,2025-05-08,100
Galle,2025-05-09,99
Galle,2025-05-10,99
Galle,2025-05-11,60
Galle,2025-05-12,100
Galle,2025-05-13,61
Galle,2025-05-14,72
Galle,2025-05-15,100
Galle,2025-05-16,100
Galle,2025-05-17,76
Galle,2025-05-18,100
Galle,2025-05-19,79
Galle,2025-05-20,100
Galle,2025-05-21,100
Galle,2025-05-22,96
Galle,2025-05-23,100
Galle,2025-05-24,100
Galle,2025-05-25,100
Galle,2025-05-26,99
Galle,2025-05-27,100
Galle,2025-05-28,49
Galle,2025-05-29,99
Galle,2025-05-30,98
Galle,2025-05-31,100
Galle,2025-06-01,99
Galle,2025-06-02,100
Galle,2025-06-03,100
Galle,2025-06-04,55
Galle,2025-06-05,81
Galle,2025-06-06,83
Galle,2025-06-07,70
Galle,2025-06-08,82
Galle,2025-06-09,83
Galle,2025-06-10,85
Galle,2025-06-11,71
Galle,2025-06-12,84
Galle,2025-06-13,84
Galle,2025-06-14,79
Galle,2025-06-15,83
Galle,2025-06-16,82
Galle,2025-06-17,96
Galle,2025-06-18,100
Galle,2025-06-19,100
Galle,2025-06-20,100
Galle,2025-06-21,47
Galle,2025-06-22,95
Galle,2025-06-23,100
Galle,2025-06-24,66
Galle,2025-06-25,100
Galle,2025-06-26,100
Galle,2025-06-27,100
Galle,2025-06-28,100
Galle,2025-06-29,62
Galle,2025-06-30,100
Galle,2025-07-01,100
Galle,2025-07-02,100
Galle,2025-07-03,100
Galle,2025-07-04,100
Galle,2025-07-05,100
Galle,2025-07-06,100
Galle,2025-07-07,73
Galle,2025-07-08,100
Galle,2025-07-09,99
Galle,2025-07-10,100
Galle,2025-07-11,100
Galle,2025-07-12,99
Galle,2025-07-13,98
Galle,2025-07-14,75
Galle,2025-07-15,100
Galle,2025-07-16,100
Galle,2025-07-17,99
Galle,2025-07-18,99
Galle,2025-07-19,100
Galle,2025-07-20,99
Galle,2025-07-21,95
Galle,2025-07-22,99
Galle,2025-07-23,97
Galle,2025-07-24,99
Galle,2025-07-25,100
Galle,2025-07-26,97
Galle,2025-07-27,98
Galle,2025-07-28,100
Galle,2025-07-29,58
Galle,2025-07-30,100
Galle,2025-07-31,97
Galle,2025-08-01,100
Galle,2025-08-02,98
Galle,2025-08-03,100
Galle,2025-08-04,100
Galle,2025-08-05,100
Galle,2025-08-06,100
Galle,2025-08-07,98
Galle,2025-08-08,97
Galle,2025-08-09,63
Galle,2025-08-10,100
Galle,2025-08-11,98
Galle,2025-08-12,66
Galle,2025-08-13,100
Galle,2025-08-14,100
Galle,2025-08-15,100
Galle,2025-08-16,75
Galle,2025-08-17,100
Galle,2025-08-18,100
Galle,2025-08-19,100
Galle,2025-08-20,97
Galle,2025-08-21,100
Galle,2025-08-22,100
Galle,2025-08-23,82
Galle,2025-08-24,100
Galle,2025-08-25,100
Galle,2025-08-26,99
Galle,2025-08-27,100
Galle,2025-08-28,97
Galle,2025-08-29,100
Galle,2025-08-30,100
Galle,2025-08-31,100
Galle,2025-09-01,100
Galle,2025-09-02,97
Galle,2025-09-03,100
Galle,2025-09-04,100
Galle,2025-09-05,73
Galle,2025-09-06,100
Galle,2025-09-07,99
Galle,2025-09-08,99
Galle,2025-09-09,98
Galle,2025-09-10,99
Galle,2025-09-11,70
Galle,2025-09-12,100
Galle,2025-09-13,64
Galle,2025-09-14,100
Galle,2025-09-15,100
Galle,2025-09-16,100
Galle,2025-09-17,99
Galle,2025-09-18,98
Galle,2025-09-19,98
Galle,2025-09-20,100
Galle,2025-09-21,72
Galle,2025-09-22,96
Galle,2025-09-23,100
Galle,2025-09-24,95
Galle,2025-09-25,97
Galle,2025-09-26,100
Galle,2025-09-27,100
Galle,2025-09-28,100
Galle,2025-09-29,99
Galle,2025-09-30,100
Galle,2025-10-01,100
Galle,2025-10-02,99
Galle,2025-10-03,51
Galle,2025-10-04,96
Galle,2025-10-05,65
Galle,2025-10-06,100
Galle,2025-10-07,97
Galle,2025-10-08,100
Galle,2025-10-09,100
Galle,2025-10-10,60
Galle,2025-10-11,98
Galle,2025-10-12,99
Galle,2025-10-13,100
Galle,2025-10-14,99
Galle,2025-10-15,100
Galle,2025-10-16,100
Galle,2025-10-17,99
Galle,2025-10-18,100
Galle,2025-10-19,56
Galle,2025-10-20,64
Galle,2025-10-21,98
Galle,2025-10-22,100
Galle,2025-10-23,98
Galle,2025-10-24,100
Galle,2025-10-25,98
Galle,2025-10-26,100
Galle,2025-10-27,100
Galle,2025-10-28,100
Galle,2025-10-29,97
Galle,2025-10-30,67
Galle,2025-10-31,100
Galle,2025-11-01,96
Galle,2025-11-02,100
Galle,2025-11-03,100
Galle,2025-11-04,100
Galle,2025-11-05,61
Galle,2025-11-06,100
Galle,2025-11-07,100
Galle,2025-11-08,100
Galle,2025-11-09,100
Galle,2025-11-10,100
Galle,2025-11-11,99
Galle,2025-11-12,100
Galle,2025-11-13,100
Galle,2025-11-14,52
Galle,2025-11-15,48
Galle,2025-11-16,70
Galle,2025-11-17,100
Galle,2025-11-18,100
Galle,2025-11-19,100
Galle,2025-11-20,100
Galle,2025-11-21,65
Galle,2025-11-22,46
Galle,2025-11-23,100
Galle,2025-11-24,100
Galle,2025-11-25,98
Galle,2025-11-26,100
Galle,2025-11-27,72
Galle,2025-11-28,100
Galle,2025-11-29,98
Galle,2025-11-30,100
Galle,2025-12-01,74
Galle,2025-12-02,100
Galle,2025-12-03,99
Galle,2025-12-04,75
Galle,2025-12-05,99
Galle,2025-12-06,100
Galle,2025-12-07,100
Galle,2025-12-08,99
Galle,2025-12-09,100
Galle,2025-12-10,100
Galle,2025-12-11,78
Galle,2025-12-12,100
Galle,2025-12-13,100
Galle,2025-12-14,100
Galle,2025-12-15,99
Galle,2025-12-16,100
Galle,2025-12-17,98
Galle,2025-12-18,97
Galle,2025-12-19,99
Galle,2025-12-20,100
Galle,2025-12-21,98
Galle,2025-12-22,99
Galle,2025-12-23,70
Galle,2025-12-24,100
Galle,2025-12-25,100
Galle,2025-12-26,100
Galle,2025-12-27,100
Galle,2025-12-28,70
Galle,2025-12-29,100
Galle,2025-12-30,100
Galle,2025-12-31,99
Galle,2026-01-01,98
Galle,2026-01-02,100
Galle,2026-01-03,98
Galle,2026-01-04,100
Galle,2026-01-05,79
Galle,2026-01-06,97
Galle,2026-01-07,100
Galle,2026-01-08,100
Galle,2026-01-09,98
Galle,2026-01-10,98
Galle,2026-01-11,100
Galle,2026-01-12,65
Galle,2026-01-13,100
Galle,2026-01-14,98
Galle,2026-01-15,98
Galle,2026-01-16,100
Galle,2026-01-17,98
Galle,2026-01-18,100
Galle,2026-01-19,100
Galle,2026-01-20,100
Galle,2026-01-21,99
Galle,2026-01-22,98
Galle,2026-01-23,99
Galle,2026-01-24,79
Galle,2026-01-25,100
Galle,2026-01-26,100
Galle,2026-01-27,99
Galle,2026-01-28,100
Galle,2026-01-29,59
Galle,2026-01-30,100
Galle,2026-01-31,98
Galle,2026-02-01,100
Galle,2026-02-02,100
Galle,2026-02-03,100
Galle,2026-02-04,100
Galle,2026-02-05,100
Galle,2026-02-06,100
Galle,2026-02-07,100
Galle,2026-02-08,98
Galle,2026-02-09,98
Galle,2026-02-10,98
Galle,2026-02-11,100
Galle,2026-02-12,100
Galle,2026-02-13,100
Galle,2026-02-14,98
Galle,2026-02-15,99
Galle,2026-02-16,100
Galle,2026-02-17,99
Galle,2026-02-18,96
Galle,2026-02-19,96
Galle,2026-02-20,100
Galle,2026-02-21,97
Galle,2026-02-22,100
Galle,2026-02-23,100
Galle,2026-02-24,100
Galle,2026-02-25,58
Galle,2026-02-26,100
Galle,2026-02-27,99
Galle,2026-02-28,100
Galle,2026-03-01,100
Galle,2026-03-02,100
Galle,2026-03-03,64
Galle,2026-03-04,99
Galle,2026-03-05,65
Galle,2026-03-06,98
Galle,2026-03-07,99
Galle,2026-03-08,100
Galle,2026-03-09,53
Galle,2026-03-10,100
Galle,2026-03-11,100
Galle,2026-03-12,99
Galle,2026-03-13,51
Galle,2026-03-14,100
Galle,2026-03-15,97
Galle,2026-03-16,100
Galle,2026-03-17,100
Galle,2026-03-18,98
Galle,2026-03-19,100
Galle,2026-03-20,100
Galle,2026-03-21,99
Galle,2026-03-22,100
Galle,2026-03-23,99
Galle,2026-03-24,98
Galle,2026-03-25,97
Galle,2026-03-26,98
Galle,2026-03-27,98
Galle,2026-03-28,100
Galle,2026-03-29,100
Galle,2026-03-30,99
Galle,2026-03-31,63
Galle,2026-04-01,100
Galle,2026-04-02,97
Galle,2026-04-03,97
Galle,2026-04-04,99
Galle,2026-04-05,98
Galle,2026-04-06,98
Galle,2026-04-07,100
Galle,2026-04-08,100
Galle,2026-04-09,100
Galle,2026-04-10,100
Galle,2026-04-11,100
Galle,2026-04-12,62
Galle,2026-04-13,100
Galle,2026-04-14,100
Galle,2026-04-15,100
Galle,2026-04-16,50
Galle,2026-04-17,80
Galle,2026-04-18,100
Galle,2026-04-19,99
Galle,2026-04-20,60
Galle,2026-04-21,100
Galle,2026-04-22,100
Galle,2026-04-23,100
Galle,2026-04-24,99
Galle,2026-04-25,70
Galle,2026-04-26,100
Galle,2026-04-27,100
Galle,2026-04-28,100
Galle,2026-04-29,100
Galle,2026-04-30,100
Galle,2026-05-01,100
Galle,2026-05-02,68
Galle,2026-05-03,100
Galle,2026-05-04,100
Galle,2026-05-05,60
Galle,2026-05-06,58
Galle,2026-05-07,59
Galle,2026-05-08,98
Galle,2026-05-09,100
Galle,2026-05-10,100
Galle,2026-05-11,100
Galle,2026-05-12,100
Galle,2026-05-13,67
Galle,2026-05-14,99
Galle,2026-05-15,100
Galle,2026-05-16,100
Galle,2026-05-17,100
Galle,2026-05-18,100
Galle,2026-05-19,100
Galle,2026-05-20,100
Galle,2026-05-21,100
Galle,2026-05-22,68
Galle,2026-05-23,52
Galle,2026-05-24,51
Galle,2026-05-25,100
Galle,2026-05-26,100
Galle,2026-05-27,93
Galle,2026-05-28,97
Galle,2026-05-29,55
Galle,2026-05-30,100
Galle,2026-05-31,100
Galle,2026-06-01,55
Galle,2026-06-02,100
Galle,2026-06-03,70
Galle,2026-06-04,100
Galle,2026-06-05,100
Galle,2026-06-06,100
Galle,2026-06-07,100
Galle,2026-06-08,98
Galle,2026-06-09,99
Galle,2026-06-10,100
Galle,2026-06-11,100
Galle,2026-06-12,100
Galle,2026-06-13,99
Galle,2026-06-14,100
Galle,2026-06-15,97
Galle,2026-06-16,58
Galle,2026-06-17,98
Galle,2026-06-18,100
Galle,2026-06-19,100
Galle,2026-06-20,95
Galle,2026-06-21,100
Galle,2026-06-22,100
Galle,2026-06-23,100
Galle,2026-06-24,100
Galle,2026-06-25,48
Galle,2026-06-26,48
Galle,2026-06-27,99
Galle,2026-06-28,75
Matara,2024-01-01,100
Matara,2024-01-02,100
Matara,2024-01-03,100
Matara,2024-01-04,100
Matara,2024-01-05,98
Matara,2024-01-06,100
Matara,2024-01-07,96
Matara,2024-01-08,98
Matara,2024-01-09,100
Matara,2024-01-10,96
Matara,2024-01-11,100
Matara,2024-01-12,100
Matara,2024-01-13,98
Matara,2024-01-14,100
Matara,2024-01-15,98
Matara,2024-01-16,99
Matara,2024-01-17,100
Matara,2024-01-18,97
Matara,2024-01-19,100
Matara,2024-01-20,100
Matara,2024-01-21,98
Matara,2024-01-22,100
Matara,2024-01-23,99
Matara,2024-01-24,100
Matara,2024-01-25,97
Matara,2024-01-26,97
Matara,2024-01-27,98
Matara,2024-01-28,61
Matara,2024-01-29,100
Matara,2024-01-30,100
Matara,2024-01-31,99
Matara,2024-02-01,100
Matara,2024-02-02,80
Matara,2024-02-03,100
Matara,2024-02-04,100
Matara,2024-02-05,96
Matara,2024-02-06,57
Matara,2024-02-07,100
Matara,2024-02-08,100
Matara,2024-02-09,100
Matara,2024-02-10,100
Matara,2024-02-11,99
Matara,2024-02-12,100
Matara,2024-02-13,100
Matara,2024-02-14,100
Matara,2024-02-15,100
Matara,2024-02-16,66
Matara,2024-02-17,100
Matara,2024-02-18,100
Matara,2024-02-19,100
Matara,2024-02-20,100
Matara,2024-02-21,100
Matara,2024-02-22,100
Matara,2024-02-23,98
Matara,2024-02-24,100
Matara,2024-02-25,100
Matara,2024-02-26,100
Matara,2024-02-27,97
Matara,2024-02-28,100
Matara,2024-02-29,100
Matara,2024-03-01,98
Matara,2024-03-02,99
Matara,2024-03-03,63
Matara,2024-03-04,100
Matara,2024-03-05,100
Matara,2024-03-06,49
Matara,2024-03-07,98
Matara,2024-03-08,97
Matara,2024-03-09,96
Matara,2024-03-10,100
Matara,2024-03-11,47
Matara,2024-03-12,98
Matara,2024-03-13,100
Matara,2024-03-14,98
Matara,2024-03-15,99
Matara,2024-03-16,100
Matara,2024-03-17,100
Matara,2024-03-18,100
Matara,2024-03-19,98
Matara,2024-03-20,100
Matara,2024-03-21,98
Matara,2024-03-22,99
Matara,2024-03-23,100
Matara,2024-03-24,61
Matara,2024-03-25,99
Matara,2024-03-26,100
Matara,2024-03-27,100
Matara,2024-03-28,98
Matara,2024-03-29,63
Matara,2024-03-30,72
Matara,2024-03-31,72
Matara,2024-04-01,99
Matara,2024-04-02,100
Matara,2024-04-03,99
Matara,2024-04-04,97
Matara,2024-04-05,100
Matara,2024-04-06,100
Matara,2024-04-07,43
Matara,2024-04-08,100
Matara,2024-04-09,100
Matara,2024-04-10,98
Matara,2024-04-11,100
Matara,2024-04-12,53
Matara,2024-04-13,98
Matara,2024-04-14,100
Matara,2024-04-15,98
Matara,2024-04-16,100
Matara,2024-04-17,99
Matara,2024-04-18,72
Matara,2024-04-19,99
Matara,2024-04-20,100
Matara,2024-04-21,100
Matara,2024-04-22,100
Matara,2024-04-23,100
Matara,2024-04-24,100
Matara,2024-04-25,99
Matara,2024-04-26,100
Matara,2024-04-27,97
Matara,2024-04-28,98
Matara,2024-04-29,58
Matara,2024-04-30,57
Matara,2024-05-01,100
Matara,2024-05-02,59
Matara,2024-05-03,60
Matara,2024-05-04,99
Matara,2024-05-05,100
Matara,2024-05-06,65
Matara,2024-05-07,72
Matara,2024-05-08,100
Matara,2024-05-09,100
Matara,2024-05-10,49
Matara,2024-05-11,51
Matara,2024-05-12,100
Matara,2024-05-13,96
Matara,2024-05-14,100
Matara,2024-05-15,74
Matara,2024-05-16,100
Matara,2024-05-17,58
Matara,2024-05-18,96
Matara,2024-05-19,100
Matara,2024-05-20,68
Matara,2024-05-21,100
Matara,2024-05-22,96
Matara,2024-05-23,100
Matara,2024-05-24,100
Matara,2024-05-25,99
Matara,2024-05-26,55
Matara,2024-05-27,99
Matara,2024-05-28,100
Matara,2024-05-29,100
Matara,2024-05-30,98
Matara,2024-05-31,99
Matara,2024-06-01,59
Matara,2024-06-02,100
Matara,2024-06-03,99
Matara,2024-06-04,100
Matara,2024-06-05,100
Matara,2024-06-06,97
Matara,2024-06-07,98
Matara,2024-06-08,100
Matara,2024-06-09,99
Matara,2024-06-10,98
Matara,2024-06-11,99
Matara,2024-06-12,95
Matara,2024-06-13,91
Matara,2024-06-14,92
Matara,2024-06-15,92
Matara,2024-06-16,93
Matara,2024-06-17,94
Matara,2024-06-18,93
Matara,2024-06-19,91
Matara,2024-06-20,90
Matara,2024-06-21,94
Matara,2024-06-22,92
Matara,2024-06-23,67
Matara,2024-06-24,88
Matara,2024-06-25,93
Matara,2024-06-26,90
Matara,2024-06-27,68
Matara,2024-06-28,91
Matara,2024-06-29,100
Matara,2024-06-30,97
Matara,2024-07-01,100
Matara,2024-07-02,100
Matara,2024-07-03,98
Matara,2024-07-04,100
Matara,2024-07-05,98
Matara,2024-07-06,100
Matara,2024-07-07,98
Matara,2024-07-08,100
Matara,2024-07-09,100
Matara,2024-07-10,98
Matara,2024-07-11,100
Matara,2024-07-12,100
Matara,2024-07-13,98
Matara,2024-07-14,99
Matara,2024-07-15,100
Matara,2024-07-16,98
Matara,2024-07-17,99
Matara,2024-07-18,100
Matara,2024-07-19,69
Matara,2024-07-20,98
Matara,2024-07-21,97
Matara,2024-07-22,100
Matara,2024-07-23,100
Matara,2024-07-24,75
Matara,2024-07-25,93
Matara,2024-07-26,82
Matara,2024-07-27,98
Matara,2024-07-28,100
Matara,2024-07-29,100
Matara,2024-07-30,60
Matara,2024-07-31,100
Matara,2024-08-01,100
Matara,2024-08-02,100
Matara,2024-08-03,100
Matara,2024-08-04,95
Matara,2024-08-05,100
Matara,2024-08-06,100
Matara,2024-08-07,100
Matara,2024-08-08,95
Matara,2024-08-09,99
Matara,2024-08-10,100
Matara,2024-08-11,98
Matara,2024-08-12,98
Matara,2024-08-13,100
Matara,2024-08-14,100
Matara,2024-08-15,100
Matara,2024-08-16,100
Matara,2024-08-17,99
Matara,2024-08-18,100
Matara,2024-08-19,99
Matara,2024-08-20,62
Matara,2024-08-21,99
Matara,2024-08-22,99
Matara,2024-08-23,99
Matara,2024-08-24,100
Matara,2024-08-25,100
Matara,2024-08-26,100
Matara,2024-08-27,79
Matara,2024-08-28,99
Matara,2024-08-29,88
Matara,2024-08-30,63
Matara,2024-08-31,83
Matara,2024-09-01,85
Matara,2024-09-02,88
Matara,2024-09-03,77
Matara,2024-09-04,88
Matara,2024-09-05,87
Matara,2024-09-06,65
Matara,2024-09-07,84
Matara,2024-09-08,60
Matara,2024-09-09,85
Matara,2024-09-10,83
Matara,2024-09-11,86
Matara,2024-09-12,88
Matara,2024-09-13,86
Matara,2024-09-14,90
Matara,2024-09-15,85
Matara,2024-09-16,86
Matara,2024-09-17,86
Matara,2024-09-18,84
Matara,2024-09-19,89
Matara,2024-09-20,79
Matara,2024-09-21,85
Matara,2024-09-22,88
Matara,2024-09-23,87
Matara,2024-09-24,87
Matara,2024-09-25,86
Matara,2024-09-26,99
Matara,2024-09-27,100
Matara,2024-09-28,99
Matara,2024-09-29,98
Matara,2024-09-30,100
Matara,2024-10-01,100
Matara,2024-10-02,97
Matara,2024-10-03,100
Matara,2024-10-04,65
Matara,2024-10-05,98
Matara,2024-10-06,100
Matara,2024-10-07,70
Matara,2024-10-08,100
Matara,2024-10-09,100
Matara,2024-10-10,100
Matara,2024-10-11,66
Matara,2024-10-12,96
Matara,2024-10-13,100
Matara,2024-10-14,100
Matara,2024-10-15,50
Matara,2024-10-16,100
Matara,2024-10-17,98
Matara,2024-10-18,99
Matara,2024-10-19,98
Matara,2024-10-20,100
Matara,2024-10-21,99
Matara,2024-10-22,100
Matara,2024-10-23,99
Matara,2024-10-24,100
Matara,2024-10-25,69
Matara,2024-10-26,100
Matara,2024-10-27,100
Matara,2024-10-28,100
Matara,2024-10-29,71
Matara,2024-10-30,100
Matara,2024-10-31,97
Matara,2024-11-01,99
Matara,2024-11-02,100
Matara,2024-11-03,100
Matara,2024-11-04,100
Matara,2024-11-05,100
Matara,2024-11-06,100
Matara,2024-11-07,100
Matara,2024-11-08,100
Matara,2024-11-09,96
Matara,2024-11-10,100
Matara,2024-11-11,100
Matara,2024-11-12,99
Matara,2024-11-13,97
Matara,2024-11-14,100
Matara,2024-11-15,100
Matara,2024-11-16,100
Matara,2024-11-17,100
Matara,2024-11-18,100
Matara,2024-11-19,97
Matara,2024-11-20,100
Matara,2024-11-21,100
Matara,2024-11-22,68
Matara,2024-11-23,100
Matara,2024-11-24,99
Matara,2024-11-25,99
Matara,2024-11-26,99
Matara,2024-11-27,97
Matara,2024-11-28,99
Matara,2024-11-29,100
Matara,2024-11-30,62
Matara,2024-12-01,100
Matara,2024-12-02,100
Matara,2024-12-03,98
Matara,2024-12-04,100
Matara,2024-12-05,100
Matara,2024-12-06,99
Matara,2024-12-07,100
Matara,2024-12-08,100
Matara,2024-12-09,100
Matara,2024-12-10,100
Matara,2024-12-11,100
Matara,2024-12-12,100
Matara,2024-12-13,100
Matara,2024-12-14,66
Matara,2024-12-15,100
Matara,2024-12-16,100
Matara,2024-12-17,99
Matara,2024-12-18,100
Matara,2024-12-19,100
Matara,2024-12-20,97
Matara,2024-12-21,98
Matara,2024-12-22,100
Matara,2024-12-23,99
Matara,2024-12-24,100
Matara,2024-12-25,100
Matara,2024-12-26,98
Matara,2024-12-27,100
Matara,2024-12-28,100
Matara,2024-12-29,91
Matara,2024-12-30,90
Matara,2024-12-31,91
Matara,2025-01-01,94
Matara,2025-01-02,91
Matara,2025-01-03,80
Matara,2025-01-04,63
Matara,2025-01-05,79
Matara,2025-01-06,83
Matara,2025-01-07,79
Matara,2025-01-08,80
Matara,2025-01-09,82
Matara,2025-01-10,81
Matara,2025-01-11,80
Matara,2025-01-12,77
Matara,2025-01-13,82
Matara,2025-01-14,83
Matara,2025-01-15,80
Matara,2025-01-16,80
Matara,2025-01-17,83
Matara,2025-01-18,79
Matara,2025-01-19,82
Matara,2025-01-20,80
Matara,2025-01-21,82
Matara,2025-01-22,82
Matara,2025-01-23,81
Matara,2025-01-24,77
Matara,2025-01-25,75
Matara,2025-01-26,84
Matara,2025-01-27,81
Matara,2025-01-28,79
Matara,2025-01-29,78
Matara,2025-01-30,78
Matara,2025-01-31,64
Matara,2025-02-01,68
Matara,2025-02-02,100
Matara,2025-02-03,100
Matara,2025-02-04,100
Matara,2025-02-05,100
Matara,2025-02-06,72
Matara,2025-02-07,100
Matara,2025-02-08,99
Matara,2025-02-09,100
Matara,2025-02-10,100
Matara,2025-02-11,98
Matara,2025-02-12,100
Matara,2025-02-13,100
Matara,2025-02-14,98
Matara,2025-02-15,100
Matara,2025-02-16,68
Matara,2025-02-17,100
Matara,2025-02-18,100
Matara,2025-02-19,99
Matara,2025-02-20,100
Matara,2025-02-21,100
Matara,2025-02-22,56
Matara,2025-02-23,98
Matara,2025-02-24,100
Matara,2025-02-25,100
Matara,2025-02-26,99
Matara,2025-02-27,100
Matara,2025-02-28,75
Matara,2025-03-01,98
Matara,2025-03-02,100
Matara,2025-03-03,98
Matara,2025-03-04,100
Matara,2025-03-05,98
Matara,2025-03-06,99
Matara,2025-03-07,67
Matara,2025-03-08,99
Matara,2025-03-09,98
Matara,2025-03-10,100
Matara,2025-03-11,100
Matara,2025-03-12,100
Matara,2025-03-13,98
Matara,2025-03-14,97
Matara,2025-03-15,48
Matara,2025-03-16,100
Matara,2025-03-17,99
Matara,2025-03-18,98
Matara,2025-03-19,100
Matara,2025-03-20,67
Matara,2025-03-21,96
Matara,2025-03-22,100
Matara,2025-03-23,100
Matara,2025-03-24,74
Matara,2025-03-25,100
Matara,2025-03-26,65
Matara,2025-03-27,99
Matara,2025-03-28,99
Matara,2025-03-29,98
Matara,2025-03-30,99
Matara,2025-03-31,99
Matara,2025-04-01,64
Matara,2025-04-02,62
Matara,2025-04-03,48
Matara,2025-04-04,100
Matara,2025-04-05,96
Matara,2025-04-06,66
Matara,2025-04-07,100
Matara,2025-04-08,100
Matara,2025-04-09,97
Matara,2025-04-10,97
Matara,2025-04-11,68
Matara,2025-04-12,74
Matara,2025-04-13,100
Matara,2025-04-14,100
Matara,2025-04-15,69
Matara,2025-04-16,49
Matara,2025-04-17,100
Matara,2025-04-18,64
Matara,2025-04-19,99
Matara,2025-04-20,100
Matara,2025-04-21,100
Matara,2025-04-22,100
Matara,2025-04-23,100
Matara,2025-04-24,67
Matara,2025-04-25,100
Matara,2025-04-26,100
Matara,2025-04-27,97
Matara,2025-04-28,100
Matara,2025-04-29,100
Matara,2025-04-30,50
Matara,2025-05-01,100
Matara,2025-05-02,98
Matara,2025-05-03,100
Matara,2025-05-04,100
Matara,2025-05-05,99
Matara,2025-05-06,99
Matara,2025-05-07,100
Matara,2025-05-08,99
Matara,2025-05-09,99
Matara,2025-05-10,100
Matara,2025-05-11,52
Matara,2025-05-12,100
Matara,2025-05-13,98
Matara,2025-05-14,97
Matara,2025-05-15,71
Matara,2025-05-16,82
Matara,2025-05-17,81
Matara,2025-05-18,71
Matara,2025-05-19,83
Matara,2025-05-20,78
Matara,2025-05-21,70
Matara,2025-05-22,47
Matara,2025-05-23,83
Matara,2025-05-24,79
Matara,2025-05-25,82
Matara,2025-05-26,81
Matara,2025-05-27,81
Matara,2025-05-28,82
Matara,2025-05-29,82
Matara,2025-05-30,79
Matara,2025-05-31,80
Matara,2025-06-01,83
Matara,2025-06-02,62
Matara,2025-06-03,82
Matara,2025-06-04,62
Matara,2025-06-05,77
Matara,2025-06-06,100
Matara,2025-06-07,100
Matara,2025-06-08,100
Matara,2025-06-09,96
Matara,2025-06-10,52
Matara,2025-06-11,60
Matara,2025-06-12,100
Matara,2025-06-13,100
Matara,2025-06-14,97
Matara,2025-06-15,99
Matara,2025-06-16,100
Matara,2025-06-17,81
Matara,2025-06-18,100
Matara,2025-06-19,59
Matara,2025-06-20,100
Matara,2025-06-21,93
Matara,2025-06-22,92
Matara,2025-06-23,55
Matara,2025-06-24,93
Matara,2025-06-25,91
Matara,2025-06-26,93
Matara,2025-06-27,65
Matara,2025-06-28,94
Matara,2025-06-29,94
Matara,2025-06-30,92
Matara,2025-07-01,76
Matara,2025-07-02,100
Matara,2025-07-03,77
Matara,2025-07-04,100
Matara,2025-07-05,98
Matara,2025-07-06,100
Matara,2025-07-07,100
Matara,2025-07-08,100
Matara,2025-07-09,97
Matara,2025-07-10,100
Matara,2025-07-11,100
Matara,2025-07-12,100
Matara,2025-07-13,100
Matara,2025-07-14,100
Matara,2025-07-15,71
Matara,2025-07-16,100
Matara,2025-07-17,98
Matara,2025-07-18,100
Matara,2025-07-19,97
Matara,2025-07-20,96
Matara,2025-07-21,99
Matara,2025-07-22,98
Matara,2025-07-23,97
Matara,2025-07-24,97
Matara,2025-07-25,100
Matara,2025-07-26,91
Matara,2025-07-27,91
Matara,2025-07-28,89
Matara,2025-07-29,93
Matara,2025-07-30,90
Matara,2025-07-31,93
Matara,2025-08-01,91
Matara,2025-08-02,93
Matara,2025-08-03,91
Matara,2025-08-04,91
Matara,2025-08-05,92
Matara,2025-08-06,92
Matara,2025-08-07,90
Matara,2025-08-08,62
Matara,2025-08-09,68
Matara,2025-08-10,92
Matara,2025-08-11,90
Matara,2025-08-12,91
Matara,2025-08-13,90
Matara,2025-08-14,77
Matara,2025-08-15,91
Matara,2025-08-16,92
Matara,2025-08-17,100
Matara,2025-08-18,100
Matara,2025-08-19,100
Matara,2025-08-20,100
Matara,2025-08-21,79
Matara,2025-08-22,98
Matara,2025-08-23,99
Matara,2025-08-24,98
Matara,2025-08-25,97
Matara,2025-08-26,100
Matara,2025-08-27,100
Matara,2025-08-28,98
Matara,2025-08-29,100
Matara,2025-08-30,100
Matara,2025-08-31,100
Matara,2025-09-01,100
Matara,2025-09-02,100
Matara,2025-09-03,97
Matara,2025-09-04,60
Matara,2025-09-05,98
Matara,2025-09-06,96
Matara,2025-09-07,100
Matara,2025-09-08,98
Matara,2025-09-09,98
Matara,2025-09-10,53
Matara,2025-09-11,100
Matara,2025-09-12,100
Matara,2025-09-13,100
Matara,2025-09-14,100
Matara,2025-09-15,99
Matara,2025-09-16,100
Matara,2025-09-17,100
Matara,2025-09-18,100
Matara,2025-09-19,97
Matara,2025-09-20,100
Matara,2025-09-21,99
Matara,2025-09-22,100
Matara,2025-09-23,100
Matara,2025-09-24,100
Matara,2025-09-25,99
Matara,2025-09-26,61
Matara,2025-09-27,99
Matara,2025-09-28,79
Matara,2025-09-29,100
Matara,2025-09-30,99
Matara,2025-10-01,99
Matara,2025-10-02,100
Matara,2025-10-03,97
Matara,2025-10-04,96
Matara,2025-10-05,96
Matara,2025-10-06,97
Matara,2025-10-07,99
Matara,2025-10-08,100
Matara,2025-10-09,56
Matara,2025-10-10,100
Matara,2025-10-11,81
Matara,2025-10-12,97
Matara,2025-10-13,99
Matara,2025-10-14,100
Matara,2025-10-15,98
Matara,2025-10-16,100
Matara,2025-10-17,100
Matara,2025-10-18,50
Matara,2025-10-19,97
Matara,2025-10-20,99
Matara,2025-10-21,100
Matara,2025-10-22,100
Matara,2025-10-23,97
Matara,2025-10-24,100
Matara,2025-10-25,99
Matara,2025-10-26,100
Matara,2025-10-27,69
Matara,2025-10-28,64
Matara,2025-10-29,99
Matara,2025-10-30,100
Matara,2025-10-31,100
Matara,2025-11-01,61
Matara,2025-11-02,100
Matara,2025-11-03,100
Matara,2025-11-04,68
Matara,2025-11-05,100
Matara,2025-11-06,100
Matara,2025-11-07,99
Matara,2025-11-08,99
Matara,2025-11-09,98
Matara,2025-11-10,100
Matara,2025-11-11,100
Matara,2025-11-12,100
Matara,2025-11-13,100
Matara,2025-11-14,100
Matara,2025-11-15,100
Matara,2025-11-16,99
Matara,2025-11-17,81
Matara,2025-11-18,100
Matara,2025-11-19,82
Matara,2025-11-20,96
Matara,2025-11-21,100
Matara,2025-11-22,74
Matara,2025-11-23,81
Matara,2025-11-24,97
Matara,2025-11-25,99
Matara,2025-11-26,54
Matara,2025-11-27,100
Matara,2025-11-28,100
Matara,2025-11-29,70
Matara,2025-11-30,100
Matara,2025-12-01,100
Matara,2025-12-02,100
Matara,2025-12-03,99
Matara,2025-12-04,100
Matara,2025-12-05,100
Matara,2025-12-06,100
Matara,2025-12-07,68
Matara,2025-12-08,97
Matara,2025-12-09,98
Matara,2025-12-10,100
Matara,2025-12-11,100
Matara,2025-12-12,100
Matara,2025-12-13,78
Matara,2025-12-14,100
Matara,2025-12-15,100
Matara,2025-12-16,98
Matara,2025-12-17,98
Matara,2025-12-18,98
Matara,2025-12-19,100
Matara,2025-12-20,100
Matara,2025-12-21,99
Matara,2025-12-22,98
Matara,2025-12-23,100
Matara,2025-12-24,61
Matara,2025-12-25,100
Matara,2025-12-26,99
Matara,2025-12-27,98
Matara,2025-12-28,100
Matara,2025-12-29,97
Matara,2025-12-30,66
Matara,2025-12-31,100
Matara,2026-01-01,61
Matara,2026-01-02,97
Matara,2026-01-03,99
Matara,2026-01-04,100
Matara,2026-01-05,100
Matara,2026-01-06,100
Matara,2026-01-07,100
Matara,2026-01-08,100
Matara,2026-01-09,100
Matara,2026-01-10,99
Matara,2026-01-11,100
Matara,2026-01-12,100
Matara,2026-01-13,100
Matara,2026-01-14,100
Matara,2026-01-15,70
Matara,2026-01-16,68
Matara,2026-01-17,100
Matara,2026-01-18,100
Matara,2026-01-19,100
Matara,2026-01-20,100
Matara,2026-01-21,100
Matara,2026-01-22,71
Matara,2026-01-23,100
Matara,2026-01-24,100
Matara,2026-01-25,100
Matara,2026-01-26,100
Matara,2026-01-27,97
Matara,2026-01-28,100
Matara,2026-01-29,95
Matara,2026-01-30,99
Matara,2026-01-31,100
Matara,2026-02-01,96
Matara,2026-02-02,99
Matara,2026-02-03,99
Matara,2026-02-04,79
Matara,2026-02-05,100
Matara,2026-02-06,99
Matara,2026-02-07,100
Matara,2026-02-08,97
Matara,2026-02-09,97
Matara,2026-02-10,98
Matara,2026-02-11,100
Matara,2026-02-12,100
Matara,2026-02-13,100
Matara,2026-02-14,100
Matara,2026-02-15,69
Matara,2026-02-16,59
Matara,2026-02-17,100
Matara,2026-02-18,100
Matara,2026-02-19,98
Matara,2026-02-20,100
Matara,2026-02-21,96
Matara,2026-02-22,100
Matara,2026-02-23,97
Matara,2026-02-24,95
Matara,2026-02-25,100
Matara,2026-02-26,80
Matara,2026-02-27,100
Matara,2026-02-28,100
Matara,2026-03-01,100
Matara,2026-03-02,100
Matara,2026-03-03,100
Matara,2026-03-04,100
Matara,2026-03-05,100
Matara,2026-03-06,100
Matara,2026-03-07,100
Matara,2026-03-08,100
Matara,2026-03-09,100
Matara,2026-03-10,100
Matara,2026-03-11,100
Matara,2026-03-12,97
Matara,2026-03-13,97
Matara,2026-03-14,100
Matara,2026-03-15,100
Matara,2026-03-16,98
Matara,2026-03-17,99
Matara,2026-03-18,98
Matara,2026-03-19,70
Matara,2026-03-20,56
Matara,2026-03-21,98
Matara,2026-03-22,99
Matara,2026-03-23,99
Matara,2026-03-24,99
Matara,2026-03-25,97
Matara,2026-03-26,98
Matara,2026-03-27,100
Matara,2026-03-28,63
Matara,2026-03-29,97
Matara,2026-03-30,100
Matara,2026-03-31,100
Matara,2026-04-01,99
Matara,2026-04-02,60
Matara,2026-04-03,95
Matara,2026-04-04,52
Matara,2026-04-05,99
Matara,2026-04-06,100
Matara,2026-04-07,100
Matara,2026-04-08,99
Matara,2026-04-09,100
Matara,2026-04-10,60
Matara,2026-04-11,100
Matara,2026-04-12,78
Matara,2026-04-13,60
Matara,2026-04-14,100
Matara,2026-04-15,100
Matara,2026-04-16,100
Matara,2026-04-17,100
Matara,2026-04-18,100
Matara,2026-04-19,98
Matara,2026-04-20,65
Matara,2026-04-21,100
Matara,2026-04-22,100
Matara,2026-04-23,97
Matara,2026-04-24,100
Matara,2026-04-25,100
Matara,2026-04-26,100
Matara,2026-04-27,100
Matara,2026-04-28,98
Matara,2026-04-29,100
Matara,2026-04-30,100
Matara,2026-05-01,97
Matara,2026-05-02,100
Matara,2026-05-03,100
Matara,2026-05-04,98
Matara,2026-05-05,99
Matara,2026-05-06,100
Matara,2026-05-07,55
Matara,2026-05-08,100
Matara,2026-05-09,100
Matara,2026-05-10,100
Matara,2026-05-11,100
Matara,2026-05-12,81
Matara,2026-05-13,84
Matara,2026-05-14,83
Matara,2026-05-15,81
Matara,2026-05-16,76
Matara,2026-05-17,47
Matara,2026-05-18,72
Matara,2026-05-19,77
Matara,2026-05-20,81
Matara,2026-05-21,83
Matara,2026-05-22,77
Matara,2026-05-23,49
Matara,2026-05-24,77
Matara,2026-05-25,81
Matara,2026-05-26,99
Matara,2026-05-27,100
Matara,2026-05-28,100
Matara,2026-05-29,69
Matara,2026-05-30,100
Matara,2026-05-31,99
Matara,2026-06-01,95
Matara,2026-06-02,52
Matara,2026-06-03,100
Matara,2026-06-04,96
Matara,2026-06-05,96
Matara,2026-06-06,100
Matara,2026-06-07,100
Matara,2026-06-08,63
Matara,2026-06-09,47
Matara,2026-06-10,100
Matara,2026-06-11,62
Matara,2026-06-12,100
Matara,2026-06-13,99
Matara,2026-06-14,100
Matara,2026-06-15,97
Matara,2026-06-16,98
Matara,2026-06-17,97
Matara,2026-06-18,61
Matara,2026-06-19,100
Matara,2026-06-20,99
Matara,2026-06-21,60
Matara,2026-06-22,98
Matara,2026-06-23,100
Matara,2026-06-24,98
Matara,2026-06-25,80
Matara,2026-06-26,99
Matara,2026-06-27,72
Matara,2026-06-28,98
Kurunegala,2024-01-01,100
Kurunegala,2024-01-02,100
Kurunegala,2024-01-03,77
Kurunegala,2024-01-04,100
Kurunegala,2024-01-05,100
Kurunegala,2024-01-06,99
Kurunegala,2024-01-07,98
Kurunegala,2024-01-08,100
Kurunegala,2024-01-09,100
Kurunegala,2024-01-10,100
Kurunegala,2024-01-11,100
Kurunegala,2024-01-12,98
Kurunegala,2024-01-13,99
Kurunegala,2024-01-14,100
Kurunegala,2024-01-15,100
Kurunegala,2024-01-16,100
Kurunegala,2024-01-17,98
Kurunegala,2024-01-18,62
Kurunegala,2024-01-19,95
Kurunegala,2024-01-20,97
Kurunegala,2024-01-21,100
Kurunegala,2024-01-22,99
Kurunegala,2024-01-23,98
Kurunegala,2024-01-24,100
Kurunegala,2024-01-25,100
Kurunegala,2024-01-26,99
Kurunegala,2024-01-27,100
Kurunegala,2024-01-28,99
Kurunegala,2024-01-29,96
Kurunegala,2024-01-30,99
Kurunegala,2024-01-31,98
Kurunegala,2024-02-01,99
Kurunegala,2024-02-02,82
Kurunegala,2024-02-03,96
Kurunegala,2024-02-04,99
Kurunegala,2024-02-05,81
Kurunegala,2024-02-06,100
Kurunegala,2024-02-07,96
Kurunegala,2024-02-08,100
Kurunegala,2024-02-09,100
Kurunegala,2024-02-10,77
Kurunegala,2024-02-11,67
Kurunegala,2024-02-12,98
Kurunegala,2024-02-13,99
Kurunegala,2024-02-14,100
Kurunegala,2024-02-15,100
Kurunegala,2024-02-16,100
Kurunegala,2024-02-17,100
Kurunegala,2024-02-18,95
Kurunegala,2024-02-19,100
Kurunegala,2024-02-20,100
Kurunegala,2024-02-21,99
Kurunegala,2024-02-22,100
Kurunegala,2024-02-23,98
Kurunegala,2024-02-24,99
Kurunegala,2024-02-25,100
Kurunegala,2024-02-26,96
Kurunegala,2024-02-27,100
Kurunegala,2024-02-28,79
Kurunegala,2024-02-29,99
Kurunegala,2024-03-01,98
Kurunegala,2024-03-02,100
Kurunegala,2024-03-03,100
Kurunegala,2024-03-04,98
Kurunegala,2024-03-05,98
Kurunegala,2024-03-06,97
Kurunegala,2024-03-07,100
Kurunegala,2024-03-08,100
Kurunegala,2024-03-09,74
Kurunegala,2024-03-10,100
Kurunegala,2024-03-11,100
Kurunegala,2024-03-12,99
Kurunegala,2024-03-13,99
Kurunegala,2024-03-14,67
Kurunegala,2024-03-15,100
Kurunegala,2024-03-16,100
Kurunegala,2024-03-17,100
Kurunegala,2024-03-18,100
Kurunegala,2024-03-19,100
Kurunegala,2024-03-20,100
Kurunegala,2024-03-21,59
Kurunegala,2024-03-22,100
Kurunegala,2024-03-23,99
Kurunegala,2024-03-24,55
Kurunegala,2024-03-25,98
Kurunegala,2024-03-26,60
Kurunegala,2024-03-27,99
Kurunegala,2024-03-28,100
Kurunegala,2024-03-29,100
Kurunegala,2024-03-30,52
Kurunegala,2024-03-31,99
Kurunegala,2024-04-01,100
Kurunegala,2024-04-02,69
Kurunegala,2024-04-03,100
Kurunegala,2024-04-04,98
Kurunegala,2024-04-05,99
Kurunegala,2024-04-06,60
Kurunegala,2024-04-07,100
Kurunegala,2024-04-08,99
Kurunegala,2024-04-09,65
Kurunegala,2024-04-10,99
Kurunegala,2024-04-11,100
Kurunegala,2024-04-12,100
Kurunegala,2024-04-13,100
Kurunegala,2024-04-14,100
Kurunegala,2024-04-15,99
Kurunegala,2024-04-16,100
Kurunegala,2024-04-17,99
Kurunegala,2024-04-18,100
Kurunegala,2024-04-19,100
Kurunegala,2024-04-20,65
Kurunegala,2024-04-21,68
Kurunegala,2024-04-22,100
Kurunegala,2024-04-23,97
Kurunegala,2024-04-24,99
Kurunegala,2024-04-25,62
Kurunegala,2024-04-26,100
Kurunegala,2024-04-27,99
Kurunegala,2024-04-28,100
Kurunegala,2024-04-29,99
Kurunegala,2024-04-30,100
Kurunegala,2024-05-01,100
Kurunegala,2024-05-02,73
Kurunegala,2024-05-03,100
Kurunegala,2024-05-04,52
Kurunegala,2024-05-05,100
Kurunegala,2024-05-06,47
Kurunegala,2024-05-07,100
Kurunegala,2024-05-08,98
Kurunegala,2024-05-09,55
Kurunegala,2024-05-10,98
Kurunegala,2024-05-11,81
Kurunegala,2024-05-12,99
Kurunegala,2024-05-13,100
Kurunegala,2024-05-14,100
Kurunegala,2024-05-15,100
Kurunegala,2024-05-16,97
Kurunegala,2024-05-17,67
Kurunegala,2024-05-18,62
Kurunegala,2024-05-19,98
Kurunegala,2024-05-20,99
Kurunegala,2024-05-21,100
Kurunegala,2024-05-22,98
Kurunegala,2024-05-23,99
Kurunegala,2024-05-24,71
Kurunegala,2024-05-25,100
Kurunegala,2024-05-26,77
Kurunegala,2024-05-27,98
Kurunegala,2024-05-28,100
Kurunegala,2024-05-29,97
Kurunegala,2024-05-30,100
Kurunegala,2024-05-31,97
Kurunegala,2024-06-01,56
Kurunegala,2024-06-02,61
Kurunegala,2024-06-03,78
Kurunegala,2024-06-04,66
Kurunegala,2024-06-05,60
Kurunegala,2024-06-06,100
Kurunegala,2024-06-07,100
Kurunegala,2024-06-08,100
Kurunegala,2024-06-09,97
Kurunegala,2024-06-10,55
Kurunegala,2024-06-11,55
Kurunegala,2024-06-12,100
Kurunegala,2024-06-13,100
Kurunegala,2024-06-14,100
Kurunegala,2024-06-15,95
Kurunegala,2024-06-16,100
Kurunegala,2024-06-17,61
Kurunegala,2024-06-18,100
Kurunegala,2024-06-19,99
Kurunegala,2024-06-20,76
Kurunegala,2024-06-21,99
Kurunegala,2024-06-22,60
Kurunegala,2024-06-23,100
Kurunegala,2024-06-24,100
Kurunegala,2024-06-25,100
Kurunegala,2024-06-26,98
Kurunegala,2024-06-27,55
Kurunegala,2024-06-28,99
Kurunegala,2024-06-29,60
Kurunegala,2024-06-30,99
Kurunegala,2024-07-01,100
Kurunegala,2024-07-02,100
Kurunegala,2024-07-03,100
Kurunegala,2024-07-04,100
Kurunegala,2024-07-05,100
Kurunegala,2024-07-06,100
Kurunegala,2024-07-07,100
Kurunegala,2024-07-08,98
Kurunegala,2024-07-09,97
Kurunegala,2024-07-10,100
Kurunegala,2024-07-11,100
Kurunegala,2024-07-12,96
Kurunegala,2024-07-13,97
Kurunegala,2024-07-14,100
Kurunegala,2024-07-15,100
Kurunegala,2024-07-16,97
Kurunegala,2024-07-17,100
Kurunegala,2024-07-18,100
Kurunegala,2024-07-19,98
Kurunegala,2024-07-20,100
Kurunegala,2024-07-21,100
Kurunegala,2024-07-22,99
Kurunegala,2024-07-23,99
Kurunegala,2024-07-24,100
Kurunegala,2024-07-25,100
Kurunegala,2024-07-26,100
Kurunegala,2024-07-27,100
Kurunegala,2024-07-28,100
Kurunegala,2024-07-29,62
Kurunegala,2024-07-30,83
Kurunegala,2024-07-31,96
Kurunegala,2024-08-01,84
Kurunegala,2024-08-02,88
Kurunegala,2024-08-03,85
Kurunegala,2024-08-04,84
Kurunegala,2024-08-05,80
Kurunegala,2024-08-06,83
Kurunegala,2024-08-07,85
Kurunegala,2024-08-08,84
Kurunegala,2024-08-09,83
Kurunegala,2024-08-10,84
Kurunegala,2024-08-11,83
Kurunegala,2024-08-12,84
Kurunegala,2024-08-13,84
Kurunegala,2024-08-14,82
Kurunegala,2024-08-15,86
Kurunegala,2024-08-16,84
Kurunegala,2024-08-17,66
Kurunegala,2024-08-18,100
Kurunegala,2024-08-19,97
Kurunegala,2024-08-20,99
Kurunegala,2024-08-21,100
Kurunegala,2024-08-22,100
Kurunegala,2024-08-23,100
Kurunegala,2024-08-24,100
Kurunegala,2024-08-25,100
Kurunegala,2024-08-26,98
Kurunegala,2024-08-27,81
Kurunegala,2024-08-28,79
Kurunegala,2024-08-29,85
Kurunegala,2024-08-30,80
Kurunegala,2024-08-31,67
Kurunegala,2024-09-01,81
Kurunegala,2024-09-02,81
Kurunegala,2024-09-03,64
Kurunegala,2024-09-04,82
Kurunegala,2024-09-05,75
Kurunegala,2024-09-06,83
Kurunegala,2024-09-07,80
Kurunegala,2024-09-08,81
Kurunegala,2024-09-09,83
Kurunegala,2024-09-10,77
Kurunegala,2024-09-11,85
Kurunegala,2024-09-12,78
Kurunegala,2024-09-13,98
Kurunegala,2024-09-14,99
Kurunegala,2024-09-15,98
Kurunegala,2024-09-16,100
Kurunegala,2024-09-17,100
Kurunegala,2024-09-18,95
Kurunegala,2024-09-19,98
Kurunegala,2024-09-20,65
Kurunegala,2024-09-21,100
Kurunegala,2024-09-22,98
Kurunegala,2024-09-23,100
Kurunegala,2024-09-24,100
Kurunegala,2024-09-25,97
Kurunegala,2024-09-26,97
Kurunegala,2024-09-27,100
Kurunegala,2024-09-28,98
Kurunegala,2024-09-29,100
Kurunegala,2024-09-30,100
Kurunegala,2024-10-01,100
Kurunegala,2024-10-02,99
Kurunegala,2024-10-03,100
Kurunegala,2024-10-04,100
Kurunegala,2024-10-05,100
Kurunegala,2024-10-06,100
Kurunegala,2024-10-07,100
Kurunegala,2024-10-08,100
Kurunegala,2024-10-09,100
Kurunegala,2024-10-10,98
Kurunegala,2024-10-11,100
Kurunegala,2024-10-12,100
Kurunegala,2024-10-13,98
Kurunegala,2024-10-14,100
Kurunegala,2024-10-15,100
Kurunegala,2024-10-16,98
Kurunegala,2024-10-17,99
Kurunegala,2024-10-18,95
Kurunegala,2024-10-19,99
Kurunegala,2024-10-20,61
Kurunegala,2024-10-21,100
Kurunegala,2024-10-22,100
Kurunegala,2024-10-23,100
Kurunegala,2024-10-24,99
Kurunegala,2024-10-25,96
Kurunegala,2024-10-26,100
Kurunegala,2024-10-27,100
Kurunegala,2024-10-28,100
Kurunegala,2024-10-29,61
Kurunegala,2024-10-30,100
Kurunegala,2024-10-31,99
Kurunegala,2024-11-01,100
Kurunegala,2024-11-02,100
Kurunegala,2024-11-03,56
Kurunegala,2024-11-04,100
Kurunegala,2024-11-05,98
Kurunegala,2024-11-06,100
Kurunegala,2024-11-07,99
Kurunegala,2024-11-08,100
Kurunegala,2024-11-09,69
Kurunegala,2024-11-10,100
Kurunegala,2024-11-11,100
Kurunegala,2024-11-12,95
Kurunegala,2024-11-13,98
Kurunegala,2024-11-14,60
Kurunegala,2024-11-15,100
Kurunegala,2024-11-16,97
Kurunegala,2024-11-17,100
Kurunegala,2024-11-18,98
Kurunegala,2024-11-19,69
Kurunegala,2024-11-20,100
Kurunegala,2024-11-21,99
Kurunegala,2024-11-22,55
Kurunegala,2024-11-23,100
Kurunegala,2024-11-24,100
Kurunegala,2024-11-25,100
Kurunegala,2024-11-26,100
Kurunegala,2024-11-27,100
Kurunegala,2024-11-28,100
Kurunegala,2024-11-29,98
Kurunegala,2024-11-30,99
Kurunegala,2024-12-01,99
Kurunegala,2024-12-02,100
Kurunegala,2024-12-03,100
Kurunegala,2024-12-04,98
Kurunegala,2024-12-05,100
Kurunegala,2024-12-06,97
Kurunegala,2024-12-07,99
Kurunegala,2024-12-08,99
Kurunegala,2024-12-09,100
Kurunegala,2024-12-10,96
Kurunegala,2024-12-11,99
Kurunegala,2024-12-12,98
Kurunegala,2024-12-13,100
Kurunegala,2024-12-14,100
Kurunegala,2024-12-15,100
Kurunegala,2024-12-16,100
Kurunegala,2024-12-17,100
Kurunegala,2024-12-18,99
Kurunegala,2024-12-19,98
Kurunegala,2024-12-20,99
Kurunegala,2024-12-21,100
Kurunegala,2024-12-22,100
Kurunegala,2024-12-23,100
Kurunegala,2024-12-24,100
Kurunegala,2024-12-25,66
Kurunegala,2024-12-26,100
Kurunegala,2024-12-27,98
Kurunegala,2024-12-28,100
Kurunegala,2024-12-29,100
Kurunegala,2024-12-30,100
Kurunegala,2024-12-31,100
Kurunegala,2025-01-01,100
Kurunegala,2025-01-02,78
Kurunegala,2025-01-03,100
Kurunegala,2025-01-04,100
Kurunegala,2025-01-05,100
Kurunegala,2025-01-06,100
Kurunegala,2025-01-07,100
Kurunegala,2025-01-08,99
Kurunegala,2025-01-09,100
Kurunegala,2025-01-10,100
Kurunegala,2025-01-11,98
Kurunegala,2025-01-12,78
Kurunegala,2025-01-13,75
Kurunegala,2025-01-14,100
Kurunegala,2025-01-15,98
Kurunegala,2025-01-16,98
Kurunegala,2025-01-17,98
Kurunegala,2025-01-18,82
Kurunegala,2025-01-19,98
Kurunegala,2025-01-20,63
Kurunegala,2025-01-21,98
Kurunegala,2025-01-22,100
Kurunegala,2025-01-23,99
Kurunegala,2025-01-24,100
Kurunegala,2025-01-25,100
Kurunegala,2025-01-26,98
Kurunegala,2025-01-27,98
Kurunegala,2025-01-28,100
Kurunegala,2025-01-29,100
Kurunegala,2025-01-30,100
Kurunegala,2025-01-31,97
Kurunegala,2025-02-01,100
Kurunegala,2025-02-02,99
Kurunegala,2025-02-03,71
Kurunegala,2025-02-04,98
Kurunegala,2025-02-05,99
Kurunegala,2025-02-06,100
Kurunegala,2025-02-07,98
Kurunegala,2025-02-08,97
Kurunegala,2025-02-09,100
Kurunegala,2025-02-10,100
Kurunegala,2025-02-11,99
Kurunegala,2025-02-12,99
Kurunegala,2025-02-13,100
Kurunegala,2025-02-14,61
Kurunegala,2025-02-15,98
Kurunegala,2025-02-16,99
Kurunegala,2025-02-17,100
Kurunegala,2025-02-18,100
Kurunegala,2025-02-19,97
Kurunegala,2025-02-20,100
Kurunegala,2025-02-21,97
Kurunegala,2025-02-22,100
Kurunegala,2025-02-23,99
Kurunegala,2025-02-24,100
Kurunegala,2025-02-25,100
Kurunegala,2025-02-26,96
Kurunegala,2025-02-27,100
Kurunegala,2025-02-28,100
Kurunegala,2025-03-01,100
Kurunegala,2025-03-02,99
Kurunegala,2025-03-03,52
Kurunegala,2025-03-04,100
Kurunegala,2025-03-05,98
Kurunegala,2025-03-06,100
Kurunegala,2025-03-07,73
Kurunegala,2025-03-08,100
Kurunegala,2025-03-09,99
Kurunegala,2025-03-10,68
Kurunegala,2025-03-11,99
Kurunegala,2025-03-12,100
Kurunegala,2025-03-13,98
Kurunegala,2025-03-14,72
Kurunegala,2025-03-15,99
Kurunegala,2025-03-16,100
Kurunegala,2025-03-17,100
Kurunegala,2025-03-18,100
Kurunegala,2025-03-19,100
Kurunegala,2025-03-20,99
Kurunegala,2025-03-21,99
Kurunegala,2025-03-22,99
Kurunegala,2025-03-23,100
Kurunegala,2025-03-24,99
Kurunegala,2025-03-25,94
Kurunegala,2025-03-26,100
Kurunegala,2025-03-27,94
Kurunegala,2025-03-28,100
Kurunegala,2025-03-29,100
Kurunegala,2025-03-30,48
Kurunegala,2025-03-31,100
Kurunegala,2025-04-01,100
Kurunegala,2025-04-02,100
Kurunegala,2025-04-03,100
Kurunegala,2025-04-04,65
Kurunegala,2025-04-05,99
Kurunegala,2025-04-06,100
Kurunegala,2025-04-07,100
Kurunegala,2025-04-08,50
Kurunegala,2025-04-09,100
Kurunegala,2025-04-10,100
Kurunegala,2025-04-11,79
Kurunegala,2025-04-12,99
Kurunegala,2025-04-13,48
Kurunegala,2025-04-14,77
Kurunegala,2025-04-15,100
Kurunegala,2025-04-16,100
Kurunegala,2025-04-17,55
Kurunegala,2025-04-18,100
Kurunegala,2025-04-19,100
Kurunegala,2025-04-20,99
Kurunegala,2025-04-21,100
Kurunegala,2025-04-22,100
Kurunegala,2025-04-23,99
Kurunegala,2025-04-24,97
Kurunegala,2025-04-25,98
Kurunegala,2025-04-26,97
Kurunegala,2025-04-27,98
Kurunegala,2025-04-28,99
Kurunegala,2025-04-29,99
Kurunegala,2025-04-30,98
Kurunegala,2025-05-01,98
Kurunegala,2025-05-02,100
Kurunegala,2025-05-03,64
Kurunegala,2025-05-04,100
Kurunegala,2025-05-05,100
Kurunegala,2025-05-06,100
Kurunegala,2025-05-07,63
Kurunegala,2025-05-08,98
Kurunegala,2025-05-09,100
Kurunegala,2025-05-10,100
Kurunegala,2025-05-11,70
Kurunegala,2025-05-12,98
Kurunegala,2025-05-13,100
Kurunegala,2025-05-14,99
Kurunegala,2025-05-15,100
Kurunegala,2025-05-16,61
Kurunegala,2025-05-17,100
Kurunegala,2025-05-18,67
Kurunegala,2025-05-19,100
Kurunegala,2025-05-20,100
Kurunegala,2025-05-21,97
Kurunegala,2025-05-22,60
Kurunegala,2025-05-23,49
Kurunegala,2025-05-24,100
Kurunegala,2025-05-25,98
Kurunegala,2025-05-26,100
Kurunegala,2025-05-27,100
Kurunegala,2025-05-28,98
Kurunegala,2025-05-29,62
Kurunegala,2025-05-30,98
Kurunegala,2025-05-31,48
Kurunegala,2025-06-01,61
Kurunegala,2025-06-02,98
Kurunegala,2025-06-03,100
Kurunegala,2025-06-04,100
Kurunegala,2025-06-05,100
Kurunegala,2025-06-06,68
Kurunegala,2025-06-07,100
Kurunegala,2025-06-08,100
Kurunegala,2025-06-09,100
Kurunegala,2025-06-10,98
Kurunegala,2025-06-11,99
Kurunegala,2025-06-12,99
Kurunegala,2025-06-13,100
Kurunegala,2025-06-14,67
Kurunegala,2025-06-15,96
Kurunegala,2025-06-16,98
Kurunegala,2025-06-17,100
Kurunegala,2025-06-18,99
Kurunegala,2025-06-19,63
Kurunegala,2025-06-20,99
Kurunegala,2025-06-21,74
Kurunegala,2025-06-22,100
Kurunegala,2025-06-23,100
Kurunegala,2025-06-24,100
Kurunegala,2025-06-25,75
Kurunegala,2025-06-26,100
Kurunegala,2025-06-27,98
Kurunegala,2025-06-28,99
Kurunegala,2025-06-29,100
Kurunegala,2025-06-30,98
Kurunegala,2025-07-01,100
Kurunegala,2025-07-02,100
Kurunegala,2025-07-03,100
Kurunegala,2025-07-04,94
Kurunegala,2025-07-05,99
Kurunegala,2025-07-06,100
Kurunegala,2025-07-07,98
Kurunegala,2025-07-08,100
Kurunegala,2025-07-09,100
Kurunegala,2025-07-10,100
Kurunegala,2025-07-11,98
Kurunegala,2025-07-12,100
Kurunegala,2025-07-13,97
Kurunegala,2025-07-14,100
Kurunegala,2025-07-15,100
Kurunegala,2025-07-16,99
Kurunegala,2025-07-17,98
Kurunegala,2025-07-18,100
Kurunegala,2025-07-19,100
Kurunegala,2025-07-20,99
Kurunegala,2025-07-21,98
Kurunegala,2025-07-22,100
Kurunegala,2025-07-23,99
Kurunegala,2025-07-24,100
Kurunegala,2025-07-25,95
Kurunegala,2025-07-26,99
Kurunegala,2025-07-27,95
Kurunegala,2025-07-28,100
Kurunegala,2025-07-29,99
Kurunegala,2025-07-30,100
Kurunegala,2025-07-31,100
Kurunegala,2025-08-01,99
Kurunegala,2025-08-02,64
Kurunegala,2025-08-03,97
Kurunegala,2025-08-04,99
Kurunegala,2025-08-05,98
Kurunegala,2025-08-06,97
Kurunegala,2025-08-07,99
Kurunegala,2025-08-08,100
Kurunegala,2025-08-09,100
Kurunegala,2025-08-10,78
Kurunegala,2025-08-11,100
Kurunegala,2025-08-12,98
Kurunegala,2025-08-13,100
Kurunegala,2025-08-14,98
Kurunegala,2025-08-15,98
Kurunegala,2025-08-16,99
Kurunegala,2025-08-17,100
Kurunegala,2025-08-18,100
Kurunegala,2025-08-19,100
Kurunegala,2025-08-20,96
Kurunegala,2025-08-21,100
Kurunegala,2025-08-22,100
Kurunegala,2025-08-23,100
Kurunegala,2025-08-24,98
Kurunegala,2025-08-25,100
Kurunegala,2025-08-26,99
Kurunegala,2025-08-27,98
Kurunegala,2025-08-28,100
Kurunegala,2025-08-29,100
Kurunegala,2025-08-30,100
Kurunegala,2025-08-31,99
Kurunegala,2025-09-01,100
Kurunegala,2025-09-02,100
Kurunegala,2025-09-03,97
Kurunegala,2025-09-04,97
Kurunegala,2025-09-05,98
Kurunegala,2025-09-06,99
Kurunegala,2025-09-07,100
Kurunegala,2025-09-08,100
Kurunegala,2025-09-09,100
Kurunegala,2025-09-10,98
Kurunegala,2025-09-11,100
Kurunegala,2025-09-12,97
Kurunegala,2025-09-13,97
Kurunegala,2025-09-14,96
Kurunegala,2025-09-15,97
Kurunegala,2025-09-16,80
Kurunegala,2025-09-17,100
Kurunegala,2025-09-18,65
Kurunegala,2025-09-19,100
Kurunegala,2025-09-20,99
Kurunegala,2025-09-21,100
Kurunegala,2025-09-22,61
Kurunegala,2025-09-23,100
Kurunegala,2025-09-24,99
Kurunegala,2025-09-25,99
Kurunegala,2025-09-26,100
Kurunegala,2025-09-27,99
Kurunegala,2025-09-28,100
Kurunegala,2025-09-29,100
Kurunegala,2025-09-30,100
Kurunegala,2025-10-01,100
Kurunegala,2025-10-02,46
Kurunegala,2025-10-03,99
Kurunegala,2025-10-04,80
Kurunegala,2025-10-05,99
Kurunegala,2025-10-06,66
Kurunegala,2025-10-07,99
Kurunegala,2025-10-08,100
Kurunegala,2025-10-09,100
Kurunegala,2025-10-10,100
Kurunegala,2025-10-11,100
Kurunegala,2025-10-12,100
Kurunegala,2025-10-13,100
Kurunegala,2025-10-14,100
Kurunegala,2025-10-15,99
Kurunegala,2025-10-16,99
Kurunegala,2025-10-17,54
Kurunegala,2025-10-18,99
Kurunegala,2025-10-19,100
Kurunegala,2025-10-20,100
Kurunegala,2025-10-21,100
Kurunegala,2025-10-22,71
Kurunegala,2025-10-23,97
Kurunegala,2025-10-24,100
Kurunegala,2025-10-25,100
Kurunegala,2025-10-26,100
Kurunegala,2025-10-27,74
Kurunegala,2025-10-28,100
Kurunegala,2025-10-29,100
Kurunegala,2025-10-30,100
Kurunegala,2025-10-31,100
Kurunegala,2025-11-01,100
Kurunegala,2025-11-02,100
Kurunegala,2025-11-03,99
Kurunegala,2025-11-04,98
Kurunegala,2025-11-05,98
Kurunegala,2025-11-06,98
Kurunegala,2025-11-07,95
Kurunegala,2025-11-08,99
Kurunegala,2025-11-09,60
Kurunegala,2025-11-10,100
Kurunegala,2025-11-11,96
Kurunegala,2025-11-12,95
Kurunegala,2025-11-13,100
Kurunegala,2025-11-14,100
Kurunegala,2025-11-15,100
Kurunegala,2025-11-16,100
Kurunegala,2025-11-17,99
Kurunegala,2025-11-18,55
Kurunegala,2025-11-19,100
Kurunegala,2025-11-20,100
Kurunegala,2025-11-21,100
Kurunegala,2025-11-22,100
Kurunegala,2025-11-23,95
Kurunegala,2025-11-24,100
Kurunegala,2025-11-25,49
Kurunegala,2025-11-26,100
Kurunegala,2025-11-27,97
Kurunegala,2025-11-28,100
Kurunegala,2025-11-29,98
Kurunegala,2025-11-30,100
Kurunegala,2025-12-01,98
Kurunegala,2025-12-02,100
Kurunegala,2025-12-03,100
Kurunegala,2025-12-04,97
Kurunegala,2025-12-05,100
Kurunegala,2025-12-06,100
Kurunegala,2025-12-07,100
Kurunegala,2025-12-08,100
Kurunegala,2025-12-09,100
Kurunegala,2025-12-10,98
Kurunegala,2025-12-11,100
Kurunegala,2025-12-12,100
Kurunegala,2025-12-13,91
Kurunegala,2025-12-14,88
Kurunegala,2025-12-15,92
Kurunegala,2025-12-16,92
Kurunegala,2025-12-17,91
Kurunegala,2025-12-18,89
Kurunegala,2025-12-19,91
Kurunegala,2025-12-20,92
Kurunegala,2025-12-21,90
Kurunegala,2025-12-22,68
Kurunegala,2025-12-23,87
Kurunegala,2025-12-24,86
Kurunegala,2025-12-25,89
Kurunegala,2025-12-26,92
Kurunegala,2025-12-27,89
Kurunegala,2025-12-28,89
Kurunegala,2025-12-29,88
Kurunegala,2025-12-30,87
Kurunegala,2025-12-31,88
Kurunegala,2026-01-01,91
Kurunegala,2026-01-02,87
Kurunegala,2026-01-03,98
Kurunegala,2026-01-04,100
Kurunegala,2026-01-05,100
Kurunegala,2026-01-06,100
Kurunegala,2026-01-07,100
Kurunegala,2026-01-08,100
Kurunegala,2026-01-09,100
Kurunegala,2026-01-10,100
Kurunegala,2026-01-11,100
Kurunegala,2026-01-12,63
Kurunegala,2026-01-13,99
Kurunegala,2026-01-14,100
Kurunegala,2026-01-15,98
Kurunegala,2026-01-16,94
Kurunegala,2026-01-17,97
Kurunegala,2026-01-18,100
Kurunegala,2026-01-19,100
Kurunegala,2026-01-20,100
Kurunegala,2026-01-21,97
Kurunegala,2026-01-22,100
Kurunegala,2026-01-23,98
Kurunegala,2026-01-24,99
Kurunegala,2026-01-25,98
Kurunegala,2026-01-26,100
Kurunegala,2026-01-27,100
Kurunegala,2026-01-28,100
Kurunegala,2026-01-29,100
Kurunegala,2026-01-30,100
Kurunegala,2026-01-31,100
Kurunegala,2026-02-01,100
Kurunegala,2026-02-02,97
Kurunegala,2026-02-03,96
Kurunegala,2026-02-04,100
Kurunegala,2026-02-05,100
Kurunegala,2026-02-06,80
Kurunegala,2026-02-07,100
Kurunegala,2026-02-08,100
Kurunegala,2026-02-09,100
Kurunegala,2026-02-10,100
Kurunegala,2026-02-11,100
Kurunegala,2026-02-12,100
Kurunegala,2026-02-13,100
Kurunegala,2026-02-14,100
Kurunegala,2026-02-15,98
Kurunegala,2026-02-16,99
Kurunegala,2026-02-17,100
Kurunegala,2026-02-18,100
Kurunegala,2026-02-19,96
Kurunegala,2026-02-20,98
Kurunegala,2026-02-21,100
Kurunegala,2026-02-22,100
Kurunegala,2026-02-23,61
Kurunegala,2026-02-24,99
Kurunegala,2026-02-25,100
Kurunegala,2026-02-26,99
Kurunegala,2026-02-27,98
Kurunegala,2026-02-28,100
Kurunegala,2026-03-01,100
Kurunegala,2026-03-02,100
Kurunegala,2026-03-03,100
Kurunegala,2026-03-04,96
Kurunegala,2026-03-05,100
Kurunegala,2026-03-06,100
Kurunegala,2026-03-07,46
Kurunegala,2026-03-08,52
Kurunegala,2026-03-09,83
Kurunegala,2026-03-10,87
Kurunegala,2026-03-11,71
Kurunegala,2026-03-12,86
Kurunegala,2026-03-13,87
Kurunegala,2026-03-14,86
Kurunegala,2026-03-15,86
Kurunegala,2026-03-16,87
Kurunegala,2026-03-17,99
Kurunegala,2026-03-18,100
Kurunegala,2026-03-19,66
Kurunegala,2026-03-20,99
Kurunegala,2026-03-21,100
Kurunegala,2026-03-22,100
Kurunegala,2026-03-23,100
Kurunegala,2026-03-24,99
Kurunegala,2026-03-25,100
Kurunegala,2026-03-26,99
Kurunegala,2026-03-27,100
Kurunegala,2026-03-28,100
Kurunegala,2026-03-29,100
Kurunegala,2026-03-30,100
Kurunegala,2026-03-31,99
Kurunegala,2026-04-01,98
Kurunegala,2026-04-02,100
Kurunegala,2026-04-03,98
Kurunegala,2026-04-04,100
Kurunegala,2026-04-05,100
Kurunegala,2026-04-06,98
Kurunegala,2026-04-07,61
Kurunegala,2026-04-08,68
Kurunegala,2026-04-09,99
Kurunegala,2026-04-10,100
Kurunegala,2026-04-11,98
Kurunegala,2026-04-12,100
Kurunegala,2026-04-13,100
Kurunegala,2026-04-14,100
Kurunegala,2026-04-15,100
Kurunegala,2026-04-16,98
Kurunegala,2026-04-17,97
Kurunegala,2026-04-18,100
Kurunegala,2026-04-19,100
Kurunegala,2026-04-20,100
Kurunegala,2026-04-21,100
Kurunegala,2026-04-22,72
Kurunegala,2026-04-23,100
Kurunegala,2026-04-24,98
Kurunegala,2026-04-25,70
Kurunegala,2026-04-26,100
Kurunegala,2026-04-27,100
Kurunegala,2026-04-28,99
Kurunegala,2026-04-29,100
Kurunegala,2026-04-30,100
Kurunegala,2026-05-01,48
Kurunegala,2026-05-02,82
Kurunegala,2026-05-03,100
Kurunegala,2026-05-04,61
Kurunegala,2026-05-05,100
Kurunegala,2026-05-06,100
Kurunegala,2026-05-07,100
Kurunegala,2026-05-08,100
Kurunegala,2026-05-09,97
Kurunegala,2026-05-10,99
Kurunegala,2026-05-11,98
Kurunegala,2026-05-12,98
Kurunegala,2026-05-13,99
Kurunegala,2026-05-14,100
Kurunegala,2026-05-15,97
Kurunegala,2026-05-16,98
Kurunegala,2026-05-17,99
Kurunegala,2026-05-18,98
Kurunegala,2026-05-19,61
Kurunegala,2026-05-20,100
Kurunegala,2026-05-21,99
Kurunegala,2026-05-22,97
Kurunegala,2026-05-23,60
Kurunegala,2026-05-24,100
Kurunegala,2026-05-25,67
Kurunegala,2026-05-26,100
Kurunegala,2026-05-27,98
Kurunegala,2026-05-28,100
Kurunegala,2026-05-29,100
Kurunegala,2026-05-30,100
Kurunegala,2026-05-31,100
Kurunegala,2026-06-01,100
Kurunegala,2026-06-02,100
Kurunegala,2026-06-03,99
Kurunegala,2026-06-04,100
Kurunegala,2026-06-05,98
Kurunegala,2026-06-06,100
Kurunegala,2026-06-07,99
Kurunegala,2026-06-08,61
Kurunegala,2026-06-09,98
Kurunegala,2026-06-10,100
Kurunegala,2026-06-11,59
Kurunegala,2026-06-12,100
Kurunegala,2026-06-13,100
Kurunegala,2026-06-14,97
Kurunegala,2026-06-15,99
Kurunegala,2026-06-16,94
Kurunegala,2026-06-17,98
Kurunegala,2026-06-18,100
Kurunegala,2026-06-19,100
Kurunegala,2026-06-20,67
Kurunegala,2026-06-21,99
Kurunegala,2026-06-22,96
Kurunegala,2026-06-23,98
Kurunegala,2026-06-24,63
Kurunegala,2026-06-25,100
Kurunegala,2026-06-26,100
Kurunegala,2026-06-27,48
Kurunegala,2026-06-28,100
Puttalam,2024-01-01,100
Puttalam,2024-01-02,100
Puttalam,2024-01-03,99
Puttalam,2024-01-04,99
Puttalam,2024-01-05,100
Puttalam,2024-01-06,99
Puttalam,2024-01-07,99
Puttalam,2024-01-08,97
Puttalam,2024-01-09,97
Puttalam,2024-01-10,97
Puttalam,2024-01-11,99
Puttalam,2024-01-12,100
Puttalam,2024-01-13,99
Puttalam,2024-01-14,97
Puttalam,2024-01-15,71
Puttalam,2024-01-16,99
Puttalam,2024-01-17,99
Puttalam,2024-01-18,100
Puttalam,2024-01-19,99
Puttalam,2024-01-20,99
Puttalam,2024-01-21,96
Puttalam,2024-01-22,100
Puttalam,2024-01-23,100
Puttalam,2024-01-24,100
Puttalam,2024-01-25,99
Puttalam,2024-01-26,96
Puttalam,2024-01-27,100
Puttalam,2024-01-28,82
Puttalam,2024-01-29,100
Puttalam,2024-01-30,100
Puttalam,2024-01-31,99
Puttalam,2024-02-01,96
Puttalam,2024-02-02,99
Puttalam,2024-02-03,100
Puttalam,2024-02-04,100
Puttalam,2024-02-05,100
Puttalam,2024-02-06,99
Puttalam,2024-02-07,97
Puttalam,2024-02-08,73
Puttalam,2024-02-09,100
Puttalam,2024-02-10,100
Puttalam,2024-02-11,100
Puttalam,2024-02-12,100
Puttalam,2024-02-13,98
Puttalam,2024-02-14,99
Puttalam,2024-02-15,100
Puttalam,2024-02-16,99
Puttalam,2024-02-17,73
Puttalam,2024-02-18,100
Puttalam,2024-02-19,100
Puttalam,2024-02-20,100
Puttalam,2024-02-21,100
Puttalam,2024-02-22,100
Puttalam,2024-02-23,100
Puttalam,2024-02-24,99
Puttalam,2024-02-25,100
Puttalam,2024-02-26,98
Puttalam,2024-02-27,99
Puttalam,2024-02-28,55
Puttalam,2024-02-29,100
Puttalam,2024-03-01,100
Puttalam,2024-03-02,98
Puttalam,2024-03-03,100
Puttalam,2024-03-04,97
Puttalam,2024-03-05,54
Puttalam,2024-03-06,98
Puttalam,2024-03-07,96
Puttalam,2024-03-08,71
Puttalam,2024-03-09,100
Puttalam,2024-03-10,76
Puttalam,2024-03-11,99
Puttalam,2024-03-12,96
Puttalam,2024-03-13,96
Puttalam,2024-03-14,100
Puttalam,2024-03-15,100
Puttalam,2024-03-16,100
Puttalam,2024-03-17,48
Puttalam,2024-03-18,99
Puttalam,2024-03-19,98
Puttalam,2024-03-20,100
Puttalam,2024-03-21,100
Puttalam,2024-03-22,98
Puttalam,2024-03-23,97
Puttalam,2024-03-24,100
Puttalam,2024-03-25,98
Puttalam,2024-03-26,47
Puttalam,2024-03-27,60
Puttalam,2024-03-28,100
Puttalam,2024-03-29,75
Puttalam,2024-03-30,59
Puttalam,2024-03-31,99
Puttalam,2024-04-01,98
Puttalam,2024-04-02,100
Puttalam,2024-04-03,99
Puttalam,2024-04-04,68
Puttalam,2024-04-05,100
Puttalam,2024-04-06,99
Puttalam,2024-04-07,100
Puttalam,2024-04-08,100
Puttalam,2024-04-09,97
Puttalam,2024-04-10,97
Puttalam,2024-04-11,100
Puttalam,2024-04-12,44
Puttalam,2024-04-13,100
Puttalam,2024-04-14,100
Puttalam,2024-04-15,97
Puttalam,2024-04-16,99
Puttalam,2024-04-17,100
Puttalam,2024-04-18,99
Puttalam,2024-04-19,72
Puttalam,2024-04-20,49
Puttalam,2024-04-21,100
Puttalam,2024-04-22,100
Puttalam,2024-04-23,100
Puttalam,2024-04-24,100
Puttalam,2024-04-25,100
Puttalam,2024-04-26,99
Puttalam,2024-04-27,99
Puttalam,2024-04-28,98
Puttalam,2024-04-29,100
Puttalam,2024-04-30,100
Puttalam,2024-05-01,100
Puttalam,2024-05-02,100
Puttalam,2024-05-03,100
Puttalam,2024-05-04,99
Puttalam,2024-05-05,100
Puttalam,2024-05-06,100
Puttalam,2024-05-07,71
Puttalam,2024-05-08,98
Puttalam,2024-05-09,58
Puttalam,2024-05-10,99
Puttalam,2024-05-11,100
Puttalam,2024-05-12,99
Puttalam,2024-05-13,98
Puttalam,2024-05-14,98
Puttalam,2024-05-15,74
Puttalam,2024-05-16,100
Puttalam,2024-05-17,100
Puttalam,2024-05-18,100
Puttalam,2024-05-19,100
Puttalam,2024-05-20,100
Puttalam,2024-05-21,99
Puttalam,2024-05-22,78
Puttalam,2024-05-23,97
Puttalam,2024-05-24,56
Puttalam,2024-05-25,100
Puttalam,2024-05-26,100
Puttalam,2024-05-27,100
Puttalam,2024-05-28,47
Puttalam,2024-05-29,100
Puttalam,2024-05-30,100
Puttalam,2024-05-31,100
Puttalam,2024-06-01,100
Puttalam,2024-06-02,98
Puttalam,2024-06-03,56
Puttalam,2024-06-04,98
Puttalam,2024-06-05,99
Puttalam,2024-06-06,86
Puttalam,2024-06-07,85
Puttalam,2024-06-08,87
Puttalam,2024-06-09,87
Puttalam,2024-06-10,85
Puttalam,2024-06-11,90
Puttalam,2024-06-12,55
Puttalam,2024-06-13,88
Puttalam,2024-06-14,90
Puttalam,2024-06-15,84
Puttalam,2024-06-16,89
Puttalam,2024-06-17,98
Puttalam,2024-06-18,96
Puttalam,2024-06-19,99
Puttalam,2024-06-20,100
Puttalam,2024-06-21,100
Puttalam,2024-06-22,100
Puttalam,2024-06-23,97
Puttalam,2024-06-24,98
Puttalam,2024-06-25,95
Puttalam,2024-06-26,100
Puttalam,2024-06-27,100
Puttalam,2024-06-28,100
Puttalam,2024-06-29,100
Puttalam,2024-06-30,100
Puttalam,2024-07-01,99
Puttalam,2024-07-02,100
Puttalam,2024-07-03,100
Puttalam,2024-07-04,100
Puttalam,2024-07-05,99
Puttalam,2024-07-06,98
Puttalam,2024-07-07,100
Puttalam,2024-07-08,100
Puttalam,2024-07-09,99
Puttalam,2024-07-10,97
Puttalam,2024-07-11,100
Puttalam,2024-07-12,100
Puttalam,2024-07-13,95
Puttalam,2024-07-14,63
Puttalam,2024-07-15,100
Puttalam,2024-07-16,99
Puttalam,2024-07-17,98
Puttalam,2024-07-18,100
Puttalam,2024-07-19,100
Puttalam,2024-07-20,100
Puttalam,2024-07-21,100
Puttalam,2024-07-22,74
Puttalam,2024-07-23,99
Puttalam,2024-07-24,95
Puttalam,2024-07-25,100
Puttalam,2024-07-26,100
Puttalam,2024-07-27,100
Puttalam,2024-07-28,97
Puttalam,2024-07-29,100
Puttalam,2024-07-30,100
Puttalam,2024-07-31,65
Puttalam,2024-08-01,96
Puttalam,2024-08-02,99
Puttalam,2024-08-03,100
Puttalam,2024-08-04,99
Puttalam,2024-08-05,100
Puttalam,2024-08-06,100
Puttalam,2024-08-07,99
Puttalam,2024-08-08,99
Puttalam,2024-08-09,99
Puttalam,2024-08-10,100
Puttalam,2024-08-11,100
Puttalam,2024-08-12,100
Puttalam,2024-08-13,99
Puttalam,2024-08-14,100
Puttalam,2024-08-15,100
Puttalam,2024-08-16,100
Puttalam,2024-08-17,98
Puttalam,2024-08-18,100
Puttalam,2024-08-19,99
Puttalam,2024-08-20,100
Puttalam,2024-08-21,99
Puttalam,2024-08-22,100
Puttalam,2024-08-23,100
Puttalam,2024-08-24,100
Puttalam,2024-08-25,97
Puttalam,2024-08-26,98
Puttalam,2024-08-27,71
Puttalam,2024-08-28,100
Puttalam,2024-08-29,80
Puttalam,2024-08-30,98
Puttalam,2024-08-31,98
Puttalam,2024-09-01,100
Puttalam,2024-09-02,100
Puttalam,2024-09-03,100
Puttalam,2024-09-04,98
Puttalam,2024-09-05,97
Puttalam,2024-09-06,80
Puttalam,2024-09-07,81
Puttalam,2024-09-08,81
Puttalam,2024-09-09,79
Puttalam,2024-09-10,80
Puttalam,2024-09-11,78
Puttalam,2024-09-12,81
Puttalam,2024-09-13,80
Puttalam,2024-09-14,77
Puttalam,2024-09-15,82
Puttalam,2024-09-16,66
Puttalam,2024-09-17,83
Puttalam,2024-09-18,81
Puttalam,2024-09-19,84
Puttalam,2024-09-20,87
Puttalam,2024-09-21,87
Puttalam,2024-09-22,82
Puttalam,2024-09-23,85
Puttalam,2024-09-24,85
Puttalam,2024-09-25,84
Puttalam,2024-09-26,100
Puttalam,2024-09-27,100
Puttalam,2024-09-28,83
Puttalam,2024-09-29,100
Puttalam,2024-09-30,99
Puttalam,2024-10-01,100
Puttalam,2024-10-02,100
Puttalam,2024-10-03,58
Puttalam,2024-10-04,100
Puttalam,2024-10-05,99
Puttalam,2024-10-06,98
Puttalam,2024-10-07,58
Puttalam,2024-10-08,100
Puttalam,2024-10-09,100
Puttalam,2024-10-10,100
Puttalam,2024-10-11,100
Puttalam,2024-10-12,100
Puttalam,2024-10-13,99
Puttalam,2024-10-14,65
Puttalam,2024-10-15,100
Puttalam,2024-10-16,97
Puttalam,2024-10-17,99
Puttalam,2024-10-18,99
Puttalam,2024-10-19,97
Puttalam,2024-10-20,100
Puttalam,2024-10-21,76
Puttalam,2024-10-22,100
Puttalam,2024-10-23,100
Puttalam,2024-10-24,63
Puttalam,2024-10-25,100
Puttalam,2024-10-26,100
Puttalam,2024-10-27,100
Puttalam,2024-10-28,100
Puttalam,2024-10-29,100
Puttalam,2024-10-30,100
Puttalam,2024-10-31,99
Puttalam,2024-11-01,66
Puttalam,2024-11-02,98
Puttalam,2024-11-03,96
Puttalam,2024-11-04,100
Puttalam,2024-11-05,99
Puttalam,2024-11-06,100
Puttalam,2024-11-07,66
Puttalam,2024-11-08,95
Puttalam,2024-11-09,100
Puttalam,2024-11-10,100
Puttalam,2024-11-11,100
Puttalam,2024-11-12,99
Puttalam,2024-11-13,98
Puttalam,2024-11-14,100
Puttalam,2024-11-15,98
Puttalam,2024-11-16,99
Puttalam,2024-11-17,53
Puttalam,2024-11-18,62
Puttalam,2024-11-19,100
Puttalam,2024-11-20,99
Puttalam,2024-11-21,65
Puttalam,2024-11-22,99
Puttalam,2024-11-23,63
Puttalam,2024-11-24,99
Puttalam,2024-11-25,62
Puttalam,2024-11-26,98
Puttalam,2024-11-27,77
Puttalam,2024-11-28,100
Puttalam,2024-11-29,100
Puttalam,2024-11-30,99
Puttalam,2024-12-01,100
Puttalam,2024-12-02,100
Puttalam,2024-12-03,100
Puttalam,2024-12-04,100
Puttalam,2024-12-05,100
Puttalam,2024-12-06,72
Puttalam,2024-12-07,97
Puttalam,2024-12-08,99
Puttalam,2024-12-09,99
Puttalam,2024-12-10,98
Puttalam,2024-12-11,100
Puttalam,2024-12-12,99
Puttalam,2024-12-13,100
Puttalam,2024-12-14,98
Puttalam,2024-12-15,100
Puttalam,2024-12-16,100
Puttalam,2024-12-17,100
Puttalam,2024-12-18,100
Puttalam,2024-12-19,100
Puttalam,2024-12-20,100
Puttalam,2024-12-21,99
Puttalam,2024-12-22,100
Puttalam,2024-12-23,100
Puttalam,2024-12-24,100
Puttalam,2024-12-25,100
Puttalam,2024-12-26,100
Puttalam,2024-12-27,100
Puttalam,2024-12-28,100
Puttalam,2024-12-29,98
Puttalam,2024-12-30,100
Puttalam,2024-12-31,98
Puttalam,2025-01-01,98
Puttalam,2025-01-02,96
Puttalam,2025-01-03,100
Puttalam,2025-01-04,100
Puttalam,2025-01-05,100
Puttalam,2025-01-06,100
Puttalam,2025-01-07,98
Puttalam,2025-01-08,100
Puttalam,2025-01-09,100
Puttalam,2025-01-10,96
Puttalam,2025-01-11,100
Puttalam,2025-01-12,99
Puttalam,2025-01-13,100
Puttalam,2025-01-14,100
Puttalam,2025-01-15,98
Puttalam,2025-01-16,99
Puttalam,2025-01-17,100
Puttalam,2025-01-18,100
Puttalam,2025-01-19,70
Puttalam,2025-01-20,100
Puttalam,2025-01-21,97
Puttalam,2025-01-22,98
Puttalam,2025-01-23,95
Puttalam,2025-01-24,99
Puttalam,2025-01-25,100
Puttalam,2025-01-26,97
Puttalam,2025-01-27,100
Puttalam,2025-01-28,100
Puttalam,2025-01-29,100
Puttalam,2025-01-30,100
Puttalam,2025-01-31,100
Puttalam,2025-02-01,99
Puttalam,2025-02-02,99
Puttalam,2025-02-03,99
Puttalam,2025-02-04,100
Puttalam,2025-02-05,97
Puttalam,2025-02-06,100
Puttalam,2025-02-07,100
Puttalam,2025-02-08,100
Puttalam,2025-02-09,100
Puttalam,2025-02-10,98
Puttalam,2025-02-11,100
Puttalam,2025-02-12,99
Puttalam,2025-02-13,98
Puttalam,2025-02-14,100
Puttalam,2025-02-15,100
Puttalam,2025-02-16,100
Puttalam,2025-02-17,56
Puttalam,2025-02-18,99
Puttalam,2025-02-19,76
Puttalam,2025-02-20,100
Puttalam,2025-02-21,100
Puttalam,2025-02-22,99
Puttalam,2025-02-23,99
Puttalam,2025-02-24,99
Puttalam,2025-02-25,100
Puttalam,2025-02-26,100
Puttalam,2025-02-27,99
Puttalam,2025-02-28,100
Puttalam,2025-03-01,100
Puttalam,2025-03-02,100
Puttalam,2025-03-03,99
Puttalam,2025-03-04,100
Puttalam,2025-03-05,46
Puttalam,2025-03-06,98
Puttalam,2025-03-07,96
Puttalam,2025-03-08,67
Puttalam,2025-03-09,100
Puttalam,2025-03-10,100
Puttalam,2025-03-11,99
Puttalam,2025-03-12,100
Puttalam,2025-03-13,100
Puttalam,2025-03-14,97
Puttalam,2025-03-15,100
Puttalam,2025-03-16,99
Puttalam,2025-03-17,100
Puttalam,2025-03-18,100
Puttalam,2025-03-19,67
Puttalam,2025-03-20,97
Puttalam,2025-03-21,100
Puttalam,2025-03-22,100
Puttalam,2025-03-23,56
Puttalam,2025-03-24,100
Puttalam,2025-03-25,71
Puttalam,2025-03-26,99
Puttalam,2025-03-27,99
Puttalam,2025-03-28,100
Puttalam,2025-03-29,100
Puttalam,2025-03-30,97
Puttalam,2025-03-31,97
Puttalam,2025-04-01,75
Puttalam,2025-04-02,99
Puttalam,2025-04-03,99
Puttalam,2025-04-04,100
Puttalam,2025-04-05,100
Puttalam,2025-04-06,99
Puttalam,2025-04-07,81
Puttalam,2025-04-08,56
Puttalam,2025-04-09,100
Puttalam,2025-04-10,68
Puttalam,2025-04-11,98
Puttalam,2025-04-12,98
Puttalam,2025-04-13,84
Puttalam,2025-04-14,49
Puttalam,2025-04-15,100
Puttalam,2025-04-16,64
Puttalam,2025-04-17,95
Puttalam,2025-04-18,100
Puttalam,2025-04-19,99
Puttalam,2025-04-20,100
Puttalam,2025-04-21,100
Puttalam,2025-04-22,100
Puttalam,2025-04-23,100
Puttalam,2025-04-24,100
Puttalam,2025-04-25,100
Puttalam,2025-04-26,100
Puttalam,2025-04-27,64
Puttalam,2025-04-28,61
Puttalam,2025-04-29,81
Puttalam,2025-04-30,54
Puttalam,2025-05-01,75
Puttalam,2025-05-02,78
Puttalam,2025-05-03,80
Puttalam,2025-05-04,79
Puttalam,2025-05-05,82
Puttalam,2025-05-06,74
Puttalam,2025-05-07,81
Puttalam,2025-05-08,78
Puttalam,2025-05-09,80
Puttalam,2025-05-10,84
Puttalam,2025-05-11,67
Puttalam,2025-05-12,80
Puttalam,2025-05-13,100
Puttalam,2025-05-14,97
Puttalam,2025-05-15,95
Puttalam,2025-05-16,100
Puttalam,2025-05-17,100
Puttalam,2025-05-18,98
Puttalam,2025-05-19,98
Puttalam,2025-05-20,98
Puttalam,2025-05-21,100
Puttalam,2025-05-22,56
Puttalam,2025-05-23,60
Puttalam,2025-05-24,97
Puttalam,2025-05-25,100
Puttalam,2025-05-26,98
Puttalam,2025-05-27,97
Puttalam,2025-05-28,100
Puttalam,2025-05-29,51
Puttalam,2025-05-30,99
Puttalam,2025-05-31,100
Puttalam,2025-06-01,100
Puttalam,2025-06-02,100
Puttalam,2025-06-03,100
Puttalam,2025-06-04,99
Puttalam,2025-06-05,85
Puttalam,2025-06-06,87
Puttalam,2025-06-07,82
Puttalam,2025-06-08,85
Puttalam,2025-06-09,80
Puttalam,2025-06-10,86
Puttalam,2025-06-11,79
Puttalam,2025-06-12,87
Puttalam,2025-06-13,82
Puttalam,2025-06-14,70
Puttalam,2025-06-15,73
Puttalam,2025-06-16,83
Puttalam,2025-06-17,84
Puttalam,2025-06-18,84
Puttalam,2025-06-19,50
Puttalam,2025-06-20,44
Puttalam,2025-06-21,89
Puttalam,2025-06-22,45
Puttalam,2025-06-23,81
Puttalam,2025-06-24,61
Puttalam,2025-06-25,85
Puttalam,2025-06-26,65
Puttalam,2025-06-27,82
Puttalam,2025-06-28,83
Puttalam,2025-06-29,51
Puttalam,2025-06-30,98
Puttalam,2025-07-01,99
Puttalam,2025-07-02,99
Puttalam,2025-07-03,99
Puttalam,2025-07-04,97
Puttalam,2025-07-05,100
Puttalam,2025-07-06,100
Puttalam,2025-07-07,72
Puttalam,2025-07-08,100
Puttalam,2025-07-09,99
Puttalam,2025-07-10,100
Puttalam,2025-07-11,99
Puttalam,2025-07-12,98
Puttalam,2025-07-13,100
Puttalam,2025-07-14,74
Puttalam,2025-07-15,100
Puttalam,2025-07-16,99
Puttalam,2025-07-17,94
Puttalam,2025-07-18,100
Puttalam,2025-07-19,94
Puttalam,2025-07-20,100
Puttalam,2025-07-21,100
Puttalam,2025-07-22,100
Puttalam,2025-07-23,99
Puttalam,2025-07-24,100
Puttalam,2025-07-25,97
Puttalam,2025-07-26,100
Puttalam,2025-07-27,100
Puttalam,2025-07-28,98
Puttalam,2025-07-29,98
Puttalam,2025-07-30,100
Puttalam,2025-07-31,99
Puttalam,2025-08-01,100
Puttalam,2025-08-02,100
Puttalam,2025-08-03,100
Puttalam,2025-08-04,100
Puttalam,2025-08-05,98
Puttalam,2025-08-06,100
Puttalam,2025-08-07,100
Puttalam,2025-08-08,100
Puttalam,2025-08-09,99
Puttalam,2025-08-10,99
Puttalam,2025-08-11,100
Puttalam,2025-08-12,99
Puttalam,2025-08-13,98
Puttalam,2025-08-14,99
Puttalam,2025-08-15,100
Puttalam,2025-08-16,98
Puttalam,2025-08-17,99
Puttalam,2025-08-18,62
Puttalam,2025-08-19,100
Puttalam,2025-08-20,100
Puttalam,2025-08-21,100
Puttalam,2025-08-22,97
Puttalam,2025-08-23,99
Puttalam,2025-08-24,99
Puttalam,2025-08-25,100
Puttalam,2025-08-26,100
Puttalam,2025-08-27,97
Puttalam,2025-08-28,98
Puttalam,2025-08-29,86
Puttalam,2025-08-30,89
Puttalam,2025-08-31,92
Puttalam,2025-09-01,92
Puttalam,2025-09-02,94
Puttalam,2025-09-03,91
Puttalam,2025-09-04,91
Puttalam,2025-09-05,90
Puttalam,2025-09-06,92
Puttalam,2025-09-07,88
Puttalam,2025-09-08,93
Puttalam,2025-09-09,88
Puttalam,2025-09-10,98
Puttalam,2025-09-11,100
Puttalam,2025-09-12,99
Puttalam,2025-09-13,100
Puttalam,2025-09-14,100
Puttalam,2025-09-15,98
Puttalam,2025-09-16,100
Puttalam,2025-09-17,100
Puttalam,2025-09-18,100
Puttalam,2025-09-19,100
Puttalam,2025-09-20,100
Puttalam,2025-09-21,99
Puttalam,2025-09-22,100
Puttalam,2025-09-23,99
Puttalam,2025-09-24,100
Puttalam,2025-09-25,100
Puttalam,2025-09-26,92
Puttalam,2025-09-27,92
Puttalam,2025-09-28,88
Puttalam,2025-09-29,94
Puttalam,2025-09-30,92
Puttalam,2025-10-01,90
Puttalam,2025-10-02,90
Puttalam,2025-10-03,72
Puttalam,2025-10-04,64
Puttalam,2025-10-05,77
Puttalam,2025-10-06,94
Puttalam,2025-10-07,93
Puttalam,2025-10-08,66
Puttalam,2025-10-09,93
Puttalam,2025-10-10,92
Puttalam,2025-10-11,89
Puttalam,2025-10-12,96
Puttalam,2025-10-13,92
Puttalam,2025-10-14,94
Puttalam,2025-10-15,62
Puttalam,2025-10-16,93
Puttalam,2025-10-17,94
Puttalam,2025-10-18,94
Puttalam,2025-10-19,100
Puttalam,2025-10-20,100
Puttalam,2025-10-21,67
Puttalam,2025-10-22,97
Puttalam,2025-10-23,67
Puttalam,2025-10-24,99
Puttalam,2025-10-25,100
Puttalam,2025-10-26,69
Puttalam,2025-10-27,68
Puttalam,2025-10-28,65
Puttalam,2025-10-29,100
Puttalam,2025-10-30,100
Puttalam,2025-10-31,100
Puttalam,2025-11-01,100
Puttalam,2025-11-02,98
Puttalam,2025-11-03,100
Puttalam,2025-11-04,99
Puttalam,2025-11-05,98
Puttalam,2025-11-06,100
Puttalam,2025-11-07,100
Puttalam,2025-11-08,99
Puttalam,2025-11-09,100
Puttalam,2025-11-10,99
Puttalam,2025-11-11,100
Puttalam,2025-11-12,100
Puttalam,2025-11-13,100
Puttalam,2025-11-14,100
Puttalam,2025-11-15,99
Puttalam,2025-11-16,97
Puttalam,2025-11-17,100
Puttalam,2025-11-18,100
Puttalam,2025-11-19,55
Puttalam,2025-11-20,44
Puttalam,2025-11-21,51
Puttalam,2025-11-22,87
Puttalam,2025-11-23,83
Puttalam,2025-11-24,62
Puttalam,2025-11-25,83
Puttalam,2025-11-26,85
Puttalam,2025-11-27,82
Puttalam,2025-11-28,84
Puttalam,2025-11-29,55
Puttalam,2025-11-30,83
Puttalam,2025-12-01,82
Puttalam,2025-12-02,63
Puttalam,2025-12-03,82
Puttalam,2025-12-04,84
Puttalam,2025-12-05,82
Puttalam,2025-12-06,80
Puttalam,2025-12-07,81
Puttalam,2025-12-08,80
Puttalam,2025-12-09,81
Puttalam,2025-12-10,81
Puttalam,2025-12-11,86
Puttalam,2025-12-12,82
Puttalam,2025-12-13,84
Puttalam,2025-12-14,82
Puttalam,2025-12-15,83
Puttalam,2025-12-16,82
Puttalam,2025-12-17,85
Puttalam,2025-12-18,85
Puttalam,2025-12-19,87
Puttalam,2025-12-20,87
Puttalam,2025-12-21,88
Puttalam,2025-12-22,100
Puttalam,2025-12-23,98
Puttalam,2025-12-24,99
Puttalam,2025-12-25,66
Puttalam,2025-12-26,100
Puttalam,2025-12-27,98
Puttalam,2025-12-28,100
Puttalam,2025-12-29,99
Puttalam,2025-12-30,98
Puttalam,2025-12-31,98
Puttalam,2026-01-01,98
Puttalam,2026-01-02,100
Puttalam,2026-01-03,100
Puttalam,2026-01-04,95
Puttalam,2026-01-05,100
Puttalam,2026-01-06,97
Puttalam,2026-01-07,100
Puttalam,2026-01-08,100
Puttalam,2026-01-09,98
Puttalam,2026-01-10,100
Puttalam,2026-01-11,100
Puttalam,2026-01-12,74
Puttalam,2026-01-13,59
Puttalam,2026-01-14,100
Puttalam,2026-01-15,76
Puttalam,2026-01-16,100
Puttalam,2026-01-17,100
Puttalam,2026-01-18,98
Puttalam,2026-01-19,100
Puttalam,2026-01-20,97
Puttalam,2026-01-21,97
Puttalam,2026-01-22,100
Puttalam,2026-01-23,98
Puttalam,2026-01-24,100
Puttalam,2026-01-25,100
Puttalam,2026-01-26,100
Puttalam,2026-01-27,100
Puttalam,2026-01-28,100
Puttalam,2026-01-29,100
Puttalam,2026-01-30,100
Puttalam,2026-01-31,98
Puttalam,2026-02-01,81
Puttalam,2026-02-02,81
Puttalam,2026-02-03,82
Puttalam,2026-02-04,82
Puttalam,2026-02-05,85
Puttalam,2026-02-06,81
Puttalam,2026-02-07,78
Puttalam,2026-02-08,79
Puttalam,2026-02-09,81
Puttalam,2026-02-10,83
Puttalam,2026-02-11,81
Puttalam,2026-02-12,82
Puttalam,2026-02-13,82
Puttalam,2026-02-14,82
Puttalam,2026-02-15,78
Puttalam,2026-02-16,81
Puttalam,2026-02-17,82
Puttalam,2026-02-18,84
Puttalam,2026-02-19,87
Puttalam,2026-02-20,81
Puttalam,2026-02-21,82
Puttalam,2026-02-22,83
Puttalam,2026-02-23,83
Puttalam,2026-02-24,83
Puttalam,2026-02-25,83
Puttalam,2026-02-26,82
Puttalam,2026-02-27,86
Puttalam,2026-02-28,85
Puttalam,2026-03-01,83
Puttalam,2026-03-02,60
Puttalam,2026-03-03,87
Puttalam,2026-03-04,86
Puttalam,2026-03-05,84
Puttalam,2026-03-06,85
Puttalam,2026-03-07,89
Puttalam,2026-03-08,85
Puttalam,2026-03-09,88
Puttalam,2026-03-10,74
Puttalam,2026-03-11,85
Puttalam,2026-03-12,86
Puttalam,2026-03-13,65
Puttalam,2026-03-14,78
Puttalam,2026-03-15,85
Puttalam,2026-03-16,87
Puttalam,2026-03-17,100
Puttalam,2026-03-18,99
Puttalam,2026-03-19,100
Puttalam,2026-03-20,97
Puttalam,2026-03-21,99
Puttalam,2026-03-22,96
Puttalam,2026-03-23,100
Puttalam,2026-03-24,100
Puttalam,2026-03-25,45
Puttalam,2026-03-26,99
Puttalam,2026-03-27,100
Puttalam,2026-03-28,97
Puttalam,2026-03-29,100
Puttalam,2026-03-30,100
Puttalam,2026-03-31,100
Puttalam,2026-04-01,99
Puttalam,2026-04-02,99
Puttalam,2026-04-03,98
Puttalam,2026-04-04,98
Puttalam,2026-04-05,97
Puttalam,2026-04-06,97
Puttalam,2026-04-07,100
Puttalam,2026-04-08,100
Puttalam,2026-04-09,100
Puttalam,2026-04-10,99
Puttalam,2026-04-11,85
Puttalam,2026-04-12,98
Puttalam,2026-04-13,73
Puttalam,2026-04-14,100
Puttalam,2026-04-15,99
Puttalam,2026-04-16,96
Puttalam,2026-04-17,100
Puttalam,2026-04-18,99
Puttalam,2026-04-19,99
Puttalam,2026-04-20,100
Puttalam,2026-04-21,100
Puttalam,2026-04-22,71
Puttalam,2026-04-23,100
Puttalam,2026-04-24,100
Puttalam,2026-04-25,99
Puttalam,2026-04-26,100
Puttalam,2026-04-27,100
Puttalam,2026-04-28,100
Puttalam,2026-04-29,100
Puttalam,2026-04-30,98
Puttalam,2026-05-01,98
Puttalam,2026-05-02,100
Puttalam,2026-05-03,100
Puttalam,2026-05-04,96
Puttalam,2026-05-05,96
Puttalam,2026-05-06,48
Puttalam,2026-05-07,96
Puttalam,2026-05-08,64
Puttalam,2026-05-09,100
Puttalam,2026-05-10,99
Puttalam,2026-05-11,100
Puttalam,2026-05-12,56
Puttalam,2026-05-13,99
Puttalam,2026-05-14,100
Puttalam,2026-05-15,99
Puttalam,2026-05-16,100
Puttalam,2026-05-17,100
Puttalam,2026-05-18,100
Puttalam,2026-05-19,97
Puttalam,2026-05-20,98
Puttalam,2026-05-21,100
Puttalam,2026-05-22,98
Puttalam,2026-05-23,100
Puttalam,2026-05-24,100
Puttalam,2026-05-25,100
Puttalam,2026-05-26,97
Puttalam,2026-05-27,100
Puttalam,2026-05-28,100
Puttalam,2026-05-29,100
Puttalam,2026-05-30,100
Puttalam,2026-05-31,100
Puttalam,2026-06-01,100
Puttalam,2026-06-02,100
Puttalam,2026-06-03,100
Puttalam,2026-06-04,100
Puttalam,2026-06-05,100
Puttalam,2026-06-06,100
Puttalam,2026-06-07,99
Puttalam,2026-06-08,100
Puttalam,2026-06-09,46
Puttalam,2026-06-10,46
Puttalam,2026-06-11,99
Puttalam,2026-06-12,98
Puttalam,2026-06-13,61
Puttalam,2026-06-14,100
Puttalam,2026-06-15,96
Puttalam,2026-06-16,100
Puttalam,2026-06-17,100
Puttalam,2026-06-18,100
Puttalam,2026-06-19,55
Puttalam,2026-06-20,64
Puttalam,2026-06-21,100
Puttalam,2026-06-22,100
Puttalam,2026-06-23,100
Puttalam,2026-06-24,100
Puttalam,2026-06-25,100
Puttalam,2026-06-26,100
Puttalam,2026-06-27,98
Puttalam,2026-06-28,98
Kandy,2024-01-01,100
Kandy,2024-01-02,100
Kandy,2024-01-03,97
Kandy,2024-01-04,100
Kandy,2024-01-05,99
Kandy,2024-01-06,99
Kandy,2024-01-07,100
Kandy,2024-01-08,96
Kandy,2024-01-09,100
Kandy,2024-01-10,58
Kandy,2024-01-11,100
Kandy,2024-01-12,100
Kandy,2024-01-13,60
Kandy,2024-01-14,100
Kandy,2024-01-15,100
Kandy,2024-01-16,100
Kandy,2024-01-17,100
Kandy,2024-01-18,100
Kandy,2024-01-19,100
Kandy,2024-01-20,100
Kandy,2024-01-21,89
Kandy,2024-01-22,90
Kandy,2024-01-23,88
Kandy,2024-01-24,86
Kandy,2024-01-25,87
Kandy,2024-01-26,89
Kandy,2024-01-27,90
Kandy,2024-01-28,87
Kandy,2024-01-29,77
Kandy,2024-01-30,72
Kandy,2024-01-31,86
Kandy,2024-02-01,60
Kandy,2024-02-02,85
Kandy,2024-02-03,86
Kandy,2024-02-04,87
Kandy,2024-02-05,88
Kandy,2024-02-06,87
Kandy,2024-02-07,86
Kandy,2024-02-08,89
Kandy,2024-02-09,100
Kandy,2024-02-10,100
Kandy,2024-02-11,100
Kandy,2024-02-12,72
Kandy,2024-02-13,79
Kandy,2024-02-14,96
Kandy,2024-02-15,100
Kandy,2024-02-16,100
Kandy,2024-02-17,70
Kandy,2024-02-18,98
Kandy,2024-02-19,100
Kandy,2024-02-20,100
Kandy,2024-02-21,98
Kandy,2024-02-22,100
Kandy,2024-02-23,100
Kandy,2024-02-24,99
Kandy,2024-02-25,100
Kandy,2024-02-26,99
Kandy,2024-02-27,98
Kandy,2024-02-28,100
Kandy,2024-02-29,98
Kandy,2024-03-01,100
Kandy,2024-03-02,99
Kandy,2024-03-03,100
Kandy,2024-03-04,100
Kandy,2024-03-05,100
Kandy,2024-03-06,98
Kandy,2024-03-07,100
Kandy,2024-03-08,100
Kandy,2024-03-09,100
Kandy,2024-03-10,100
Kandy,2024-03-11,100
Kandy,2024-03-12,98
Kandy,2024-03-13,97
Kandy,2024-03-14,99
Kandy,2024-03-15,81
Kandy,2024-03-16,76
Kandy,2024-03-17,100
Kandy,2024-03-18,100
Kandy,2024-03-19,62
Kandy,2024-03-20,98
Kandy,2024-03-21,100
Kandy,2024-03-22,100
Kandy,2024-03-23,100
Kandy,2024-03-24,98
Kandy,2024-03-25,100
Kandy,2024-03-26,100
Kandy,2024-03-27,100
Kandy,2024-03-28,100
Kandy,2024-03-29,68
Kandy,2024-03-30,97
Kandy,2024-03-31,98
Kandy,2024-04-01,100
Kandy,2024-04-02,55
Kandy,2024-04-03,100
Kandy,2024-04-04,100
Kandy,2024-04-05,100
Kandy,2024-04-06,100
Kandy,2024-04-07,99
Kandy,2024-04-08,100
Kandy,2024-04-09,50
Kandy,2024-04-10,99
Kandy,2024-04-11,98
Kandy,2024-04-12,65
Kandy,2024-04-13,97
Kandy,2024-04-14,97
Kandy,2024-04-15,100
Kandy,2024-04-16,98
Kandy,2024-04-17,100
Kandy,2024-04-18,100
Kandy,2024-04-19,80
Kandy,2024-04-20,100
Kandy,2024-04-21,100
Kandy,2024-04-22,100
Kandy,2024-04-23,100
Kandy,2024-04-24,100
Kandy,2024-04-25,100
Kandy,2024-04-26,98
Kandy,2024-04-27,99
Kandy,2024-04-28,52
Kandy,2024-04-29,55
Kandy,2024-04-30,97
Kandy,2024-05-01,100
Kandy,2024-05-02,100
Kandy,2024-05-03,72
Kandy,2024-05-04,100
Kandy,2024-05-05,97
Kandy,2024-05-06,100
Kandy,2024-05-07,100
Kandy,2024-05-08,100
Kandy,2024-05-09,100
Kandy,2024-05-10,100
Kandy,2024-05-11,99
Kandy,2024-05-12,98
Kandy,2024-05-13,79
Kandy,2024-05-14,100
Kandy,2024-05-15,99
Kandy,2024-05-16,58
Kandy,2024-05-17,98
Kandy,2024-05-18,99
Kandy,2024-05-19,100
Kandy,2024-05-20,98
Kandy,2024-05-21,98
Kandy,2024-05-22,98
Kandy,2024-05-23,98
Kandy,2024-05-24,100
Kandy,2024-05-25,96
Kandy,2024-05-26,77
Kandy,2024-05-27,100
Kandy,2024-05-28,100
Kandy,2024-05-29,100
Kandy,2024-05-30,100
Kandy,2024-05-31,50
Kandy,2024-06-01,76
Kandy,2024-06-02,100
Kandy,2024-06-03,100
Kandy,2024-06-04,98
Kandy,2024-06-05,100
Kandy,2024-06-06,99
Kandy,2024-06-07,100
Kandy,2024-06-08,98
Kandy,2024-06-09,61
Kandy,2024-06-10,100
Kandy,2024-06-11,56
Kandy,2024-06-12,100
Kandy,2024-06-13,100
Kandy,2024-06-14,100
Kandy,2024-06-15,100
Kandy,2024-06-16,100
Kandy,2024-06-17,100
Kandy,2024-06-18,100
Kandy,2024-06-19,100
Kandy,2024-06-20,96
Kandy,2024-06-21,100
Kandy,2024-06-22,68
Kandy,2024-06-23,98
Kandy,2024-06-24,99
Kandy,2024-06-25,100
Kandy,2024-06-26,99
Kandy,2024-06-27,70
Kandy,2024-06-28,100
Kandy,2024-06-29,64
Kandy,2024-06-30,99
Kandy,2024-07-01,100
Kandy,2024-07-02,98
Kandy,2024-07-03,100
Kandy,2024-07-04,100
Kandy,2024-07-05,100
Kandy,2024-07-06,99
Kandy,2024-07-07,99
Kandy,2024-07-08,100
Kandy,2024-07-09,99
Kandy,2024-07-10,100
Kandy,2024-07-11,100
Kandy,2024-07-12,96
Kandy,2024-07-13,61
Kandy,2024-07-14,95
Kandy,2024-07-15,100
Kandy,2024-07-16,96
Kandy,2024-07-17,100
Kandy,2024-07-18,100
Kandy,2024-07-19,100
Kandy,2024-07-20,97
Kandy,2024-07-21,98
Kandy,2024-07-22,98
Kandy,2024-07-23,100
Kandy,2024-07-24,100
Kandy,2024-07-25,98
Kandy,2024-07-26,100
Kandy,2024-07-27,99
Kandy,2024-07-28,100
Kandy,2024-07-29,100
Kandy,2024-07-30,100
Kandy,2024-07-31,98
Kandy,2024-08-01,100
Kandy,2024-08-02,100
Kandy,2024-08-03,100
Kandy,2024-08-04,100
Kandy,2024-08-05,99
Kandy,2024-08-06,80
Kandy,2024-08-07,88
Kandy,2024-08-08,90
Kandy,2024-08-09,88
Kandy,2024-08-10,88
Kandy,2024-08-11,89
Kandy,2024-08-12,89
Kandy,2024-08-13,91
Kandy,2024-08-14,86
Kandy,2024-08-15,89
Kandy,2024-08-16,90
Kandy,2024-08-17,90
Kandy,2024-08-18,88
Kandy,2024-08-19,92
Kandy,2024-08-20,89
Kandy,2024-08-21,89
Kandy,2024-08-22,90
Kandy,2024-08-23,89
Kandy,2024-08-24,90
Kandy,2024-08-25,87
Kandy,2024-08-26,81
Kandy,2024-08-27,84
Kandy,2024-08-28,82
Kandy,2024-08-29,82
Kandy,2024-08-30,83
Kandy,2024-08-31,79
Kandy,2024-09-01,80
Kandy,2024-09-02,79
Kandy,2024-09-03,53
Kandy,2024-09-04,80
Kandy,2024-09-05,83
Kandy,2024-09-06,82
Kandy,2024-09-07,81
Kandy,2024-09-08,85
Kandy,2024-09-09,86
Kandy,2024-09-10,79
Kandy,2024-09-11,86
Kandy,2024-09-12,81
Kandy,2024-09-13,83
Kandy,2024-09-14,85
Kandy,2024-09-15,81
Kandy,2024-09-16,80
Kandy,2024-09-17,81
Kandy,2024-09-18,81
Kandy,2024-09-19,83
Kandy,2024-09-20,81
Kandy,2024-09-21,83
Kandy,2024-09-22,83
Kandy,2024-09-23,82
Kandy,2024-09-24,100
Kandy,2024-09-25,100
Kandy,2024-09-26,98
Kandy,2024-09-27,98
Kandy,2024-09-28,100
Kandy,2024-09-29,98
Kandy,2024-09-30,100
Kandy,2024-10-01,98
Kandy,2024-10-02,100
Kandy,2024-10-03,100
Kandy,2024-10-04,100
Kandy,2024-10-05,70
Kandy,2024-10-06,97
Kandy,2024-10-07,100
Kandy,2024-10-08,64
Kandy,2024-10-09,99
Kandy,2024-10-10,62
Kandy,2024-10-11,81
Kandy,2024-10-12,99
Kandy,2024-10-13,45
Kandy,2024-10-14,99
Kandy,2024-10-15,54
Kandy,2024-10-16,100
Kandy,2024-10-17,98
Kandy,2024-10-18,62
Kandy,2024-10-19,100
Kandy,2024-10-20,100
Kandy,2024-10-21,100
Kandy,2024-10-22,98
Kandy,2024-10-23,100
Kandy,2024-10-24,99
Kandy,2024-10-25,70
Kandy,2024-10-26,99
Kandy,2024-10-27,100
Kandy,2024-10-28,81
Kandy,2024-10-29,99
Kandy,2024-10-30,100
Kandy,2024-10-31,100
Kandy,2024-11-01,98
Kandy,2024-11-02,100
Kandy,2024-11-03,98
Kandy,2024-11-04,100
Kandy,2024-11-05,100
Kandy,2024-11-06,100
Kandy,2024-11-07,100
Kandy,2024-11-08,100
Kandy,2024-11-09,100
Kandy,2024-11-10,100
Kandy,2024-11-11,98
Kandy,2024-11-12,100
Kandy,2024-11-13,100
Kandy,2024-11-14,100
Kandy,2024-11-15,100
Kandy,2024-11-16,100
Kandy,2024-11-17,100
Kandy,2024-11-18,100
Kandy,2024-11-19,100
Kandy,2024-11-20,65
Kandy,2024-11-21,100
Kandy,2024-11-22,66
Kandy,2024-11-23,100
Kandy,2024-11-24,98
Kandy,2024-11-25,100
Kandy,2024-11-26,96
Kandy,2024-11-27,100
Kandy,2024-11-28,100
Kandy,2024-11-29,98
Kandy,2024-11-30,87
Kandy,2024-12-01,88
Kandy,2024-12-02,86
Kandy,2024-12-03,89
Kandy,2024-12-04,84
Kandy,2024-12-05,90
Kandy,2024-12-06,86
Kandy,2024-12-07,86
Kandy,2024-12-08,88
Kandy,2024-12-09,84
Kandy,2024-12-10,85
Kandy,2024-12-11,86
Kandy,2024-12-12,84
Kandy,2024-12-13,85
Kandy,2024-12-14,85
Kandy,2024-12-15,79
Kandy,2024-12-16,86
Kandy,2024-12-17,84
Kandy,2024-12-18,100
Kandy,2024-12-19,100
Kandy,2024-12-20,94
Kandy,2024-12-21,73
Kandy,2024-12-22,100
Kandy,2024-12-23,99
Kandy,2024-12-24,100
Kandy,2024-12-25,77
Kandy,2024-12-26,100
Kandy,2024-12-27,64
Kandy,2024-12-28,95
Kandy,2024-12-29,100
Kandy,2024-12-30,98
Kandy,2024-12-31,100
Kandy,2025-01-01,100
Kandy,2025-01-02,99
Kandy,2025-01-03,100
Kandy,2025-01-04,99
Kandy,2025-01-05,100
Kandy,2025-01-06,100
Kandy,2025-01-07,100
Kandy,2025-01-08,96
Kandy,2025-01-09,100
Kandy,2025-01-10,98
Kandy,2025-01-11,100
Kandy,2025-01-12,100
Kandy,2025-01-13,97
Kandy,2025-01-14,72
Kandy,2025-01-15,99
Kandy,2025-01-16,98
Kandy,2025-01-17,99
Kandy,2025-01-18,100
Kandy,2025-01-19,100
Kandy,2025-01-20,74
Kandy,2025-01-21,100
Kandy,2025-01-22,99
Kandy,2025-01-23,96
Kandy,2025-01-24,71
Kandy,2025-01-25,98
Kandy,2025-01-26,100
Kandy,2025-01-27,68
Kandy,2025-01-28,100
Kandy,2025-01-29,100
Kandy,2025-01-30,100
Kandy,2025-01-31,100
Kandy,2025-02-01,100
Kandy,2025-02-02,100
Kandy,2025-02-03,100
Kandy,2025-02-04,59
Kandy,2025-02-05,100
Kandy,2025-02-06,100
Kandy,2025-02-07,98
Kandy,2025-02-08,100
Kandy,2025-02-09,100
Kandy,2025-02-10,100
Kandy,2025-02-11,96
Kandy,2025-02-12,100
Kandy,2025-02-13,100
Kandy,2025-02-14,100
Kandy,2025-02-15,98
Kandy,2025-02-16,100
Kandy,2025-02-17,67
Kandy,2025-02-18,98
Kandy,2025-02-19,99
Kandy,2025-02-20,100
Kandy,2025-02-21,99
Kandy,2025-02-22,100
Kandy,2025-02-23,100
Kandy,2025-02-24,98
Kandy,2025-02-25,100
Kandy,2025-02-26,98
Kandy,2025-02-27,99
Kandy,2025-02-28,100
Kandy,2025-03-01,100
Kandy,2025-03-02,88
Kandy,2025-03-03,85
Kandy,2025-03-04,85
Kandy,2025-03-05,86
Kandy,2025-03-06,85
Kandy,2025-03-07,84
Kandy,2025-03-08,86
Kandy,2025-03-09,87
Kandy,2025-03-10,85
Kandy,2025-03-11,88
Kandy,2025-03-12,85
Kandy,2025-03-13,86
Kandy,2025-03-14,54
Kandy,2025-03-15,81
Kandy,2025-03-16,86
Kandy,2025-03-17,62
Kandy,2025-03-18,100
Kandy,2025-03-19,59
Kandy,2025-03-20,99
Kandy,2025-03-21,70
Kandy,2025-03-22,57
Kandy,2025-03-23,100
Kandy,2025-03-24,100
Kandy,2025-03-25,68
Kandy,2025-03-26,61
Kandy,2025-03-27,100
Kandy,2025-03-28,98
Kandy,2025-03-29,96
Kandy,2025-03-30,100
Kandy,2025-03-31,99
Kandy,2025-04-01,98
Kandy,2025-04-02,100
Kandy,2025-04-03,73
Kandy,2025-04-04,100
Kandy,2025-04-05,97
Kandy,2025-04-06,98
Kandy,2025-04-07,100
Kandy,2025-04-08,100
Kandy,2025-04-09,100
Kandy,2025-04-10,100
Kandy,2025-04-11,100
Kandy,2025-04-12,100
Kandy,2025-04-13,99
Kandy,2025-04-14,99
Kandy,2025-04-15,100
Kandy,2025-04-16,100
Kandy,2025-04-17,68
Kandy,2025-04-18,100
Kandy,2025-04-19,100
Kandy,2025-04-20,100
Kandy,2025-04-21,100
Kandy,2025-04-22,70
Kandy,2025-04-23,100
Kandy,2025-04-24,100
Kandy,2025-04-25,99
Kandy,2025-04-26,59
Kandy,2025-04-27,100
Kandy,2025-04-28,100
Kandy,2025-04-29,100
Kandy,2025-04-30,100
Kandy,2025-05-01,100
Kandy,2025-05-02,97
Kandy,2025-05-03,66
Kandy,2025-05-04,99
Kandy,2025-05-05,99
Kandy,2025-05-06,100
Kandy,2025-05-07,100
Kandy,2025-05-08,100
Kandy,2025-05-09,100
Kandy,2025-05-10,100
Kandy,2025-05-11,100
Kandy,2025-05-12,100
Kandy,2025-05-13,100
Kandy,2025-05-14,63
Kandy,2025-05-15,100
Kandy,2025-05-16,100
Kandy,2025-05-17,66
Kandy,2025-05-18,99
Kandy,2025-05-19,100
Kandy,2025-05-20,97
Kandy,2025-05-21,100
Kandy,2025-05-22,97
Kandy,2025-05-23,98
Kandy,2025-05-24,100
Kandy,2025-05-25,70
Kandy,2025-05-26,98
Kandy,2025-05-27,97
Kandy,2025-05-28,100
Kandy,2025-05-29,100
Kandy,2025-05-30,100
Kandy,2025-05-31,72
Kandy,2025-06-01,100
Kandy,2025-06-02,100
Kandy,2025-06-03,100
Kandy,2025-06-04,100
Kandy,2025-06-05,56
Kandy,2025-06-06,100
Kandy,2025-06-07,99
Kandy,2025-06-08,56
Kandy,2025-06-09,100
Kandy,2025-06-10,99
Kandy,2025-06-11,70
Kandy,2025-06-12,98
Kandy,2025-06-13,98
Kandy,2025-06-14,97
Kandy,2025-06-15,98
Kandy,2025-06-16,96
Kandy,2025-06-17,99
Kandy,2025-06-18,100
Kandy,2025-06-19,100
Kandy,2025-06-20,99
Kandy,2025-06-21,100
Kandy,2025-06-22,98
Kandy,2025-06-23,99
Kandy,2025-06-24,99
Kandy,2025-06-25,59
Kandy,2025-06-26,100
Kandy,2025-06-27,100
Kandy,2025-06-28,100
Kandy,2025-06-29,83
Kandy,2025-06-30,73
Kandy,2025-07-01,83
Kandy,2025-07-02,84
Kandy,2025-07-03,82
Kandy,2025-07-04,81
Kandy,2025-07-05,63
Kandy,2025-07-06,85
Kandy,2025-07-07,84
Kandy,2025-07-08,80
Kandy,2025-07-09,87
Kandy,2025-07-10,86
Kandy,2025-07-11,83
Kandy,2025-07-12,86
Kandy,2025-07-13,81
Kandy,2025-07-14,78
Kandy,2025-07-15,60
Kandy,2025-07-16,84
Kandy,2025-07-17,99
Kandy,2025-07-18,100
Kandy,2025-07-19,68
Kandy,2025-07-20,100
Kandy,2025-07-21,80
Kandy,2025-07-22,100
Kandy,2025-07-23,100
Kandy,2025-07-24,59
Kandy,2025-07-25,100
Kandy,2025-07-26,96
Kandy,2025-07-27,100
Kandy,2025-07-28,58
Kandy,2025-07-29,80
Kandy,2025-07-30,100
Kandy,2025-07-31,80
Kandy,2025-08-01,97
Kandy,2025-08-02,100
Kandy,2025-08-03,100
Kandy,2025-08-04,100
Kandy,2025-08-05,98
Kandy,2025-08-06,100
Kandy,2025-08-07,97
Kandy,2025-08-08,99
Kandy,2025-08-09,100
Kandy,2025-08-10,99
Kandy,2025-08-11,100
Kandy,2025-08-12,99
Kandy,2025-08-13,100
Kandy,2025-08-14,100
Kandy,2025-08-15,98
Kandy,2025-08-16,99
Kandy,2025-08-17,96
Kandy,2025-08-18,100
Kandy,2025-08-19,100
Kandy,2025-08-20,97
Kandy,2025-08-21,100
Kandy,2025-08-22,77
Kandy,2025-08-23,100
Kandy,2025-08-24,100
Kandy,2025-08-25,96
Kandy,2025-08-26,59
Kandy,2025-08-27,70
Kandy,2025-08-28,100
Kandy,2025-08-29,100
Kandy,2025-08-30,60
Kandy,2025-08-31,100
Kandy,2025-09-01,97
Kandy,2025-09-02,99
Kandy,2025-09-03,76
Kandy,2025-09-04,98
Kandy,2025-09-05,100
Kandy,2025-09-06,100
Kandy,2025-09-07,99
Kandy,2025-09-08,96
Kandy,2025-09-09,99
Kandy,2025-09-10,98
Kandy,2025-09-11,98
Kandy,2025-09-12,100
Kandy,2025-09-13,98
Kandy,2025-09-14,100
Kandy,2025-09-15,100
Kandy,2025-09-16,100
Kandy,2025-09-17,97
Kandy,2025-09-18,98
Kandy,2025-09-19,100
Kandy,2025-09-20,79
Kandy,2025-09-21,99
Kandy,2025-09-22,100
Kandy,2025-09-23,98
Kandy,2025-09-24,98
Kandy,2025-09-25,99
Kandy,2025-09-26,100
Kandy,2025-09-27,100
Kandy,2025-09-28,100
Kandy,2025-09-29,97
Kandy,2025-09-30,100
Kandy,2025-10-01,45
Kandy,2025-10-02,99
Kandy,2025-10-03,100
Kandy,2025-10-04,100
Kandy,2025-10-05,44
Kandy,2025-10-06,100
Kandy,2025-10-07,100
Kandy,2025-10-08,61
Kandy,2025-10-09,99
Kandy,2025-10-10,98
Kandy,2025-10-11,100
Kandy,2025-10-12,100
Kandy,2025-10-13,100
Kandy,2025-10-14,90
Kandy,2025-10-15,91
Kandy,2025-10-16,50
Kandy,2025-10-17,92
Kandy,2025-10-18,64
Kandy,2025-10-19,90
Kandy,2025-10-20,87
Kandy,2025-10-21,90
Kandy,2025-10-22,89
Kandy,2025-10-23,91
Kandy,2025-10-24,49
Kandy,2025-10-25,90
Kandy,2025-10-26,89
Kandy,2025-10-27,87
Kandy,2025-10-28,90
Kandy,2025-10-29,88
Kandy,2025-10-30,84
Kandy,2025-10-31,100
Kandy,2025-11-01,100
Kandy,2025-11-02,96
Kandy,2025-11-03,97
Kandy,2025-11-04,100
Kandy,2025-11-05,66
Kandy,2025-11-06,100
Kandy,2025-11-07,100
Kandy,2025-11-08,97
Kandy,2025-11-09,98
Kandy,2025-11-10,100
Kandy,2025-11-11,61
Kandy,2025-11-12,100
Kandy,2025-11-13,47
Kandy,2025-11-14,67
Kandy,2025-11-15,53
Kandy,2025-11-16,50
Kandy,2025-11-17,95
Kandy,2025-11-18,75
Kandy,2025-11-19,100
Kandy,2025-11-20,99
Kandy,2025-11-21,100
Kandy,2025-11-22,98
Kandy,2025-11-23,86
Kandy,2025-11-24,90
Kandy,2025-11-25,87
Kandy,2025-11-26,84
Kandy,2025-11-27,44
Kandy,2025-11-28,91
Kandy,2025-11-29,91
Kandy,2025-11-30,84
Kandy,2025-12-01,88
Kandy,2025-12-02,89
Kandy,2025-12-03,87
Kandy,2025-12-04,87
Kandy,2025-12-05,90
Kandy,2025-12-06,88
Kandy,2025-12-07,87
Kandy,2025-12-08,88
Kandy,2025-12-09,88
Kandy,2025-12-10,89
Kandy,2025-12-11,84
Kandy,2025-12-12,90
Kandy,2025-12-13,89
Kandy,2025-12-14,63
Kandy,2025-12-15,59
Kandy,2025-12-16,89
Kandy,2025-12-17,100
Kandy,2025-12-18,100
Kandy,2025-12-19,100
Kandy,2025-12-20,100
Kandy,2025-12-21,97
Kandy,2025-12-22,100
Kandy,2025-12-23,100
Kandy,2025-12-24,100
Kandy,2025-12-25,69
Kandy,2025-12-26,100
Kandy,2025-12-27,99
Kandy,2025-12-28,100
Kandy,2025-12-29,100
Kandy,2025-12-30,99
Kandy,2025-12-31,100
Kandy,2026-01-01,100
Kandy,2026-01-02,100
Kandy,2026-01-03,70
Kandy,2026-01-04,98
Kandy,2026-01-05,100
Kandy,2026-01-06,100
Kandy,2026-01-07,100
Kandy,2026-01-08,100
Kandy,2026-01-09,98
Kandy,2026-01-10,100
Kandy,2026-01-11,69
Kandy,2026-01-12,100
Kandy,2026-01-13,100
Kandy,2026-01-14,73
Kandy,2026-01-15,100
Kandy,2026-01-16,100
Kandy,2026-01-17,100
Kandy,2026-01-18,66
Kandy,2026-01-19,64
Kandy,2026-01-20,97
Kandy,2026-01-21,97
Kandy,2026-01-22,100
Kandy,2026-01-23,100
Kandy,2026-01-24,100
Kandy,2026-01-25,100
Kandy,2026-01-26,100
Kandy,2026-01-27,99
Kandy,2026-01-28,59
Kandy,2026-01-29,100
Kandy,2026-01-30,97
Kandy,2026-01-31,100
Kandy,2026-02-01,97
Kandy,2026-02-02,98
Kandy,2026-02-03,100
Kandy,2026-02-04,100
Kandy,2026-02-05,100
Kandy,2026-02-06,100
Kandy,2026-02-07,78
Kandy,2026-02-08,100
Kandy,2026-02-09,88
Kandy,2026-02-10,89
Kandy,2026-02-11,91
Kandy,2026-02-12,85
Kandy,2026-02-13,89
Kandy,2026-02-14,89
Kandy,2026-02-15,88
Kandy,2026-02-16,71
Kandy,2026-02-17,93
Kandy,2026-02-18,89
Kandy,2026-02-19,89
Kandy,2026-02-20,92
Kandy,2026-02-21,90
Kandy,2026-02-22,90
Kandy,2026-02-23,92
Kandy,2026-02-24,89
Kandy,2026-02-25,90
Kandy,2026-02-26,88
Kandy,2026-02-27,86
Kandy,2026-02-28,93
Kandy,2026-03-01,61
Kandy,2026-03-02,90
Kandy,2026-03-03,47
Kandy,2026-03-04,89
Kandy,2026-03-05,65
Kandy,2026-03-06,83
Kandy,2026-03-07,59
Kandy,2026-03-08,87
Kandy,2026-03-09,60
Kandy,2026-03-10,87
Kandy,2026-03-11,87
Kandy,2026-03-12,84
Kandy,2026-03-13,73
Kandy,2026-03-14,68
Kandy,2026-03-15,85
Kandy,2026-03-16,83
Kandy,2026-03-17,83
Kandy,2026-03-18,59
Kandy,2026-03-19,87
Kandy,2026-03-20,87
Kandy,2026-03-21,57
Kandy,2026-03-22,51
Kandy,2026-03-23,50
Kandy,2026-03-24,100
Kandy,2026-03-25,98
Kandy,2026-03-26,98
Kandy,2026-03-27,100
Kandy,2026-03-28,75
Kandy,2026-03-29,100
Kandy,2026-03-30,100
Kandy,2026-03-31,100
Kandy,2026-04-01,68
Kandy,2026-04-02,58
Kandy,2026-04-03,100
Kandy,2026-04-04,99
Kandy,2026-04-05,100
Kandy,2026-04-06,100
Kandy,2026-04-07,98
Kandy,2026-04-08,100
Kandy,2026-04-09,98
Kandy,2026-04-10,98
Kandy,2026-04-11,66
Kandy,2026-04-12,59
Kandy,2026-04-13,100
Kandy,2026-04-14,100
Kandy,2026-04-15,100
Kandy,2026-04-16,100
Kandy,2026-04-17,99
Kandy,2026-04-18,99
Kandy,2026-04-19,63
Kandy,2026-04-20,98
Kandy,2026-04-21,100
Kandy,2026-04-22,98
Kandy,2026-04-23,100
Kandy,2026-04-24,66
Kandy,2026-04-25,100
Kandy,2026-04-26,100
Kandy,2026-04-27,99
Kandy,2026-04-28,99
Kandy,2026-04-29,100
Kandy,2026-04-30,99
Kandy,2026-05-01,99
Kandy,2026-05-02,100
Kandy,2026-05-03,97
Kandy,2026-05-04,100
Kandy,2026-05-05,96
Kandy,2026-05-06,98
Kandy,2026-05-07,99
Kandy,2026-05-08,98
Kandy,2026-05-09,98
Kandy,2026-05-10,98
Kandy,2026-05-11,99
Kandy,2026-05-12,100
Kandy,2026-05-13,94
Kandy,2026-05-14,75
Kandy,2026-05-15,72
Kandy,2026-05-16,100
Kandy,2026-05-17,50
Kandy,2026-05-18,96
Kandy,2026-05-19,54
Kandy,2026-05-20,98
Kandy,2026-05-21,100
Kandy,2026-05-22,100
Kandy,2026-05-23,100
Kandy,2026-05-24,100
Kandy,2026-05-25,100
Kandy,2026-05-26,62
Kandy,2026-05-27,100
Kandy,2026-05-28,100
Kandy,2026-05-29,98
Kandy,2026-05-30,98
Kandy,2026-05-31,100
Kandy,2026-06-01,99
Kandy,2026-06-02,100
Kandy,2026-06-03,99
Kandy,2026-06-04,100
Kandy,2026-06-05,100
Kandy,2026-06-06,97
Kandy,2026-06-07,100
Kandy,2026-06-08,48
Kandy,2026-06-09,98
Kandy,2026-06-10,98
Kandy,2026-06-11,96
Kandy,2026-06-12,99
Kandy,2026-06-13,99
Kandy,2026-06-14,52
Kandy,2026-06-15,100
Kandy,2026-06-16,100
Kandy,2026-06-17,96
Kandy,2026-06-18,72
Kandy,2026-06-19,100
Kandy,2026-06-20,47
Kandy,2026-06-21,100
Kandy,2026-06-22,100
Kandy,2026-06-23,100
Kandy,2026-06-24,99
Kandy,2026-06-25,100
Kandy,2026-06-26,97
Kandy,2026-06-27,100
Kandy,2026-06-28,100
Matale,2024-01-01,98
Matale,2024-01-02,99
Matale,2024-01-03,100
Matale,2024-01-04,61
Matale,2024-01-05,97
Matale,2024-01-06,100
Matale,2024-01-07,100
Matale,2024-01-08,100
Matale,2024-01-09,97
Matale,2024-01-10,100
Matale,2024-01-11,100
Matale,2024-01-12,98
Matale,2024-01-13,97
Matale,2024-01-14,100
Matale,2024-01-15,100
Matale,2024-01-16,96
Matale,2024-01-17,100
Matale,2024-01-18,100
Matale,2024-01-19,100
Matale,2024-01-20,72
Matale,2024-01-21,98
Matale,2024-01-22,100
Matale,2024-01-23,100
Matale,2024-01-24,100
Matale,2024-01-25,98
Matale,2024-01-26,100
Matale,2024-01-27,95
Matale,2024-01-28,100
Matale,2024-01-29,71
Matale,2024-01-30,100
Matale,2024-01-31,99
Matale,2024-02-01,84
Matale,2024-02-02,87
Matale,2024-02-03,90
Matale,2024-02-04,85
Matale,2024-02-05,88
Matale,2024-02-06,85
Matale,2024-02-07,86
Matale,2024-02-08,90
Matale,2024-02-09,88
Matale,2024-02-10,91
Matale,2024-02-11,88
Matale,2024-02-12,89
Matale,2024-02-13,88
Matale,2024-02-14,85
Matale,2024-02-15,84
Matale,2024-02-16,86
Matale,2024-02-17,89
Matale,2024-02-18,86
Matale,2024-02-19,89
Matale,2024-02-20,86
Matale,2024-02-21,86
Matale,2024-02-22,85
Matale,2024-02-23,85
Matale,2024-02-24,92
Matale,2024-02-25,87
Matale,2024-02-26,91
Matale,2024-02-27,89
Matale,2024-02-28,89
Matale,2024-02-29,86
Matale,2024-03-01,98
Matale,2024-03-02,99
Matale,2024-03-03,99
Matale,2024-03-04,100
Matale,2024-03-05,98
Matale,2024-03-06,99
Matale,2024-03-07,99
Matale,2024-03-08,58
Matale,2024-03-09,49
Matale,2024-03-10,100
Matale,2024-03-11,63
Matale,2024-03-12,100
Matale,2024-03-13,98
Matale,2024-03-14,49
Matale,2024-03-15,100
Matale,2024-03-16,66
Matale,2024-03-17,99
Matale,2024-03-18,100
Matale,2024-03-19,97
Matale,2024-03-20,98
Matale,2024-03-21,99
Matale,2024-03-22,100
Matale,2024-03-23,100
Matale,2024-03-24,81
Matale,2024-03-25,100
Matale,2024-03-26,54
Matale,2024-03-27,72
Matale,2024-03-28,54
Matale,2024-03-29,100
Matale,2024-03-30,95
Matale,2024-03-31,100
Matale,2024-04-01,46
Matale,2024-04-02,100
Matale,2024-04-03,99
Matale,2024-04-04,99
Matale,2024-04-05,99
Matale,2024-04-06,100
Matale,2024-04-07,100
Matale,2024-04-08,99
Matale,2024-04-09,100
Matale,2024-04-10,99
Matale,2024-04-11,100
Matale,2024-04-12,100
Matale,2024-04-13,97
Matale,2024-04-14,100
Matale,2024-04-15,100
Matale,2024-04-16,59
Matale,2024-04-17,100
Matale,2024-04-18,100
Matale,2024-04-19,100
Matale,2024-04-20,56
Matale,2024-04-21,98
Matale,2024-04-22,96
Matale,2024-04-23,98
Matale,2024-04-24,100
Matale,2024-04-25,100
Matale,2024-04-26,100
Matale,2024-04-27,100
Matale,2024-04-28,66
Matale,2024-04-29,100
Matale,2024-04-30,100
Matale,2024-05-01,100
Matale,2024-05-02,98
Matale,2024-05-03,100
Matale,2024-05-04,91
Matale,2024-05-05,88
Matale,2024-05-06,87
Matale,2024-05-07,88
Matale,2024-05-08,89
Matale,2024-05-09,88
Matale,2024-05-10,87
Matale,2024-05-11,85
Matale,2024-05-12,94
Matale,2024-05-13,67
Matale,2024-05-14,98
Matale,2024-05-15,100
Matale,2024-05-16,97
Matale,2024-05-17,99
Matale,2024-05-18,100
Matale,2024-05-19,100
Matale,2024-05-20,100
Matale,2024-05-21,100
Matale,2024-05-22,100
Matale,2024-05-23,98
Matale,2024-05-24,100
Matale,2024-05-25,97
Matale,2024-05-26,99
Matale,2024-05-27,76
Matale,2024-05-28,56
Matale,2024-05-29,52
Matale,2024-05-30,98
Matale,2024-05-31,99
Matale,2024-06-01,45
Matale,2024-06-02,72
Matale,2024-06-03,99
Matale,2024-06-04,63
Matale,2024-06-05,100
Matale,2024-06-06,99
Matale,2024-06-07,62
Matale,2024-06-08,99
Matale,2024-06-09,100
Matale,2024-06-10,98
Matale,2024-06-11,100
Matale,2024-06-12,100
Matale,2024-06-13,45
Matale,2024-06-14,100
Matale,2024-06-15,100
Matale,2024-06-16,100
Matale,2024-06-17,47
Matale,2024-06-18,100
Matale,2024-06-19,100
Matale,2024-06-20,48
Matale,2024-06-21,66
Matale,2024-06-22,55
Matale,2024-06-23,97
Matale,2024-06-24,66
Matale,2024-06-25,99
Matale,2024-06-26,100
Matale,2024-06-27,100
Matale,2024-06-28,98
Matale,2024-06-29,66
Matale,2024-06-30,62
Matale,2024-07-01,56
Matale,2024-07-02,100
Matale,2024-07-03,99
Matale,2024-07-04,100
Matale,2024-07-05,98
Matale,2024-07-06,99
Matale,2024-07-07,100
Matale,2024-07-08,73
Matale,2024-07-09,97
Matale,2024-07-10,100
Matale,2024-07-11,97
Matale,2024-07-12,100
Matale,2024-07-13,98
Matale,2024-07-14,72
Matale,2024-07-15,100
Matale,2024-07-16,97
Matale,2024-07-17,98
Matale,2024-07-18,64
Matale,2024-07-19,98
Matale,2024-07-20,100
Matale,2024-07-21,100
Matale,2024-07-22,100
Matale,2024-07-23,98
Matale,2024-07-24,100
Matale,2024-07-25,98
Matale,2024-07-26,100
Matale,2024-07-27,100
Matale,2024-07-28,100
Matale,2024-07-29,100
Matale,2024-07-30,100
Matale,2024-07-31,99
Matale,2024-08-01,100
Matale,2024-08-02,97
Matale,2024-08-03,74
Matale,2024-08-04,100
Matale,2024-08-05,100
Matale,2024-08-06,71
Matale,2024-08-07,99
Matale,2024-08-08,99
Matale,2024-08-09,99
Matale,2024-08-10,80
Matale,2024-08-11,99
Matale,2024-08-12,100
Matale,2024-08-13,97
Matale,2024-08-14,100
Matale,2024-08-15,100
Matale,2024-08-16,75
Matale,2024-08-17,100
Matale,2024-08-18,100
Matale,2024-08-19,98
Matale,2024-08-20,100
Matale,2024-08-21,100
Matale,2024-08-22,99
Matale,2024-08-23,99
Matale,2024-08-24,74
Matale,2024-08-25,100
Matale,2024-08-26,99
Matale,2024-08-27,100
Matale,2024-08-28,100
Matale,2024-08-29,99
Matale,2024-08-30,70
Matale,2024-08-31,75
Matale,2024-09-01,100
Matale,2024-09-02,96
Matale,2024-09-03,100
Matale,2024-09-04,100
Matale,2024-09-05,88
Matale,2024-09-06,87
Matale,2024-09-07,87
Matale,2024-09-08,88
Matale,2024-09-09,88
Matale,2024-09-10,89
Matale,2024-09-11,92
Matale,2024-09-12,88
Matale,2024-09-13,89
Matale,2024-09-14,89
Matale,2024-09-15,65
Matale,2024-09-16,86
Matale,2024-09-17,91
Matale,2024-09-18,86
Matale,2024-09-19,61
Matale,2024-09-20,100
Matale,2024-09-21,65
Matale,2024-09-22,89
Matale,2024-09-23,86
Matale,2024-09-24,81
Matale,2024-09-25,85
Matale,2024-09-26,83
Matale,2024-09-27,86
Matale,2024-09-28,88
Matale,2024-09-29,86
Matale,2024-09-30,88
Matale,2024-10-01,87
Matale,2024-10-02,66
Matale,2024-10-03,87
Matale,2024-10-04,88
Matale,2024-10-05,86
Matale,2024-10-06,88
Matale,2024-10-07,100
Matale,2024-10-08,100
Matale,2024-10-09,100
Matale,2024-10-10,100
Matale,2024-10-11,96
Matale,2024-10-12,48
Matale,2024-10-13,95
Matale,2024-10-14,100
Matale,2024-10-15,100
Matale,2024-10-16,100
Matale,2024-10-17,100
Matale,2024-10-18,100
Matale,2024-10-19,100
Matale,2024-10-20,100
Matale,2024-10-21,98
Matale,2024-10-22,87
Matale,2024-10-23,88
Matale,2024-10-24,89
Matale,2024-10-25,84
Matale,2024-10-26,82
Matale,2024-10-27,89
Matale,2024-10-28,88
Matale,2024-10-29,88
Matale,2024-10-30,86
Matale,2024-10-31,75
Matale,2024-11-01,67
Matale,2024-11-02,98
Matale,2024-11-03,100
Matale,2024-11-04,64
Matale,2024-11-05,45
Matale,2024-11-06,100
Matale,2024-11-07,99
Matale,2024-11-08,100
Matale,2024-11-09,100
Matale,2024-11-10,100
Matale,2024-11-11,100
Matale,2024-11-12,100
Matale,2024-11-13,99
Matale,2024-11-14,100
Matale,2024-11-15,100
Matale,2024-11-16,96
Matale,2024-11-17,100
Matale,2024-11-18,98
Matale,2024-11-19,100
Matale,2024-11-20,50
Matale,2024-11-21,100
Matale,2024-11-22,100
Matale,2024-11-23,100
Matale,2024-11-24,100
Matale,2024-11-25,98
Matale,2024-11-26,64
Matale,2024-11-27,54
Matale,2024-11-28,97
Matale,2024-11-29,100
Matale,2024-11-30,100
Matale,2024-12-01,100
Matale,2024-12-02,100
Matale,2024-12-03,100
Matale,2024-12-04,98
Matale,2024-12-05,98
Matale,2024-12-06,100
Matale,2024-12-07,100
Matale,2024-12-08,100
Matale,2024-12-09,98
Matale,2024-12-10,98
Matale,2024-12-11,100
Matale,2024-12-12,100
Matale,2024-12-13,99
Matale,2024-12-14,100
Matale,2024-12-15,99
Matale,2024-12-16,100
Matale,2024-12-17,100
Matale,2024-12-18,70
Matale,2024-12-19,100
Matale,2024-12-20,100
Matale,2024-12-21,96
Matale,2024-12-22,100
Matale,2024-12-23,100
Matale,2024-12-24,96
Matale,2024-12-25,98
Matale,2024-12-26,100
Matale,2024-12-27,100
Matale,2024-12-28,100
Matale,2024-12-29,99
Matale,2024-12-30,100
Matale,2024-12-31,100
Matale,2025-01-01,100
Matale,2025-01-02,75
Matale,2025-01-03,74
Matale,2025-01-04,62
Matale,2025-01-05,97
Matale,2025-01-06,96
Matale,2025-01-07,100
Matale,2025-01-08,100
Matale,2025-01-09,99
Matale,2025-01-10,66
Matale,2025-01-11,100
Matale,2025-01-12,100
Matale,2025-01-13,99
Matale,2025-01-14,68
Matale,2025-01-15,100
Matale,2025-01-16,99
Matale,2025-01-17,96
Matale,2025-01-18,98
Matale,2025-01-19,97
Matale,2025-01-20,100
Matale,2025-01-21,100
Matale,2025-01-22,100
Matale,2025-01-23,100
Matale,2025-01-24,70
Matale,2025-01-25,98
Matale,2025-01-26,100
Matale,2025-01-27,98
Matale,2025-01-28,100
Matale,2025-01-29,97
Matale,2025-01-30,67
Matale,2025-01-31,98
Matale,2025-02-01,100
Matale,2025-02-02,100
Matale,2025-02-03,98
Matale,2025-02-04,100
Matale,2025-02-05,100
Matale,2025-02-06,100
Matale,2025-02-07,100
Matale,2025-02-08,90
Matale,2025-02-09,68
Matale,2025-02-10,90
Matale,2025-02-11,94
Matale,2025-02-12,94
Matale,2025-02-13,95
Matale,2025-02-14,89
Matale,2025-02-15,93
Matale,2025-02-16,95
Matale,2025-02-17,77
Matale,2025-02-18,89
Matale,2025-02-19,93
Matale,2025-02-20,92
Matale,2025-02-21,91
Matale,2025-02-22,91
Matale,2025-02-23,81
Matale,2025-02-24,89
Matale,2025-02-25,88
Matale,2025-02-26,91
Matale,2025-02-27,93
Matale,2025-02-28,87
Matale,2025-03-01,53
Matale,2025-03-02,90
Matale,2025-03-03,100
Matale,2025-03-04,100
Matale,2025-03-05,100
Matale,2025-03-06,56
Matale,2025-03-07,100
Matale,2025-03-08,100
Matale,2025-03-09,100
Matale,2025-03-10,96
Matale,2025-03-11,100
Matale,2025-03-12,100
Matale,2025-03-13,100
Matale,2025-03-14,57
Matale,2025-03-15,99
Matale,2025-03-16,99
Matale,2025-03-17,98
Matale,2025-03-18,100
Matale,2025-03-19,100
Matale,2025-03-20,66
Matale,2025-03-21,98
Matale,2025-03-22,100
Matale,2025-03-23,100
Matale,2025-03-24,100
Matale,2025-03-25,98
Matale,2025-03-26,99
Matale,2025-03-27,97
Matale,2025-03-28,98
Matale,2025-03-29,100
Matale,2025-03-30,100
Matale,2025-03-31,98
Matale,2025-04-01,63
Matale,2025-04-02,68
Matale,2025-04-03,100
Matale,2025-04-04,98
Matale,2025-04-05,100
Matale,2025-04-06,100
Matale,2025-04-07,99
Matale,2025-04-08,61
Matale,2025-04-09,100
Matale,2025-04-10,98
Matale,2025-04-11,98
Matale,2025-04-12,100
Matale,2025-04-13,96
Matale,2025-04-14,98
Matale,2025-04-15,79
Matale,2025-04-16,99
Matale,2025-04-17,100
Matale,2025-04-18,100
Matale,2025-04-19,98
Matale,2025-04-20,98
Matale,2025-04-21,97
Matale,2025-04-22,100
Matale,2025-04-23,72
Matale,2025-04-24,99
Matale,2025-04-25,100
Matale,2025-04-26,99
Matale,2025-04-27,100
Matale,2025-04-28,98
Matale,2025-04-29,100
Matale,2025-04-30,95
Matale,2025-05-01,98
Matale,2025-05-02,100
Matale,2025-05-03,100
Matale,2025-05-04,99
Matale,2025-05-05,44
Matale,2025-05-06,100
Matale,2025-05-07,99
Matale,2025-05-08,100
Matale,2025-05-09,99
Matale,2025-05-10,100
Matale,2025-05-11,55
Matale,2025-05-12,54
Matale,2025-05-13,100
Matale,2025-05-14,99
Matale,2025-05-15,68
Matale,2025-05-16,100
Matale,2025-05-17,100
Matale,2025-05-18,60
Matale,2025-05-19,100
Matale,2025-05-20,100
Matale,2025-05-21,100
Matale,2025-05-22,100
Matale,2025-05-23,64
Matale,2025-05-24,95
Matale,2025-05-25,99
Matale,2025-05-26,100
Matale,2025-05-27,96
Matale,2025-05-28,100
Matale,2025-05-29,98
Matale,2025-05-30,48
Matale,2025-05-31,100
Matale,2025-06-01,100
Matale,2025-06-02,98
Matale,2025-06-03,56
Matale,2025-06-04,100
Matale,2025-06-05,100
Matale,2025-06-06,100
Matale,2025-06-07,100
Matale,2025-06-08,100
Matale,2025-06-09,100
Matale,2025-06-10,100
Matale,2025-06-11,96
Matale,2025-06-12,96
Matale,2025-06-13,98
Matale,2025-06-14,59
Matale,2025-06-15,100
Matale,2025-06-16,98
Matale,2025-06-17,97
Matale,2025-06-18,100
Matale,2025-06-19,100
Matale,2025-06-20,100
Matale,2025-06-21,100
Matale,2025-06-22,97
Matale,2025-06-23,98
Matale,2025-06-24,99
Matale,2025-06-25,100
Matale,2025-06-26,100
Matale,2025-06-27,99
Matale,2025-06-28,59
Matale,2025-06-29,100
Matale,2025-06-30,100
Matale,2025-07-01,99
Matale,2025-07-02,98
Matale,2025-07-03,100
Matale,2025-07-04,99
Matale,2025-07-05,99
Matale,2025-07-06,97
Matale,2025-07-07,100
Matale,2025-07-08,98
Matale,2025-07-09,99
Matale,2025-07-10,100
Matale,2025-07-11,100
Matale,2025-07-12,100
Matale,2025-07-13,99
Matale,2025-07-14,98
Matale,2025-07-15,75
Matale,2025-07-16,100
Matale,2025-07-17,100
Matale,2025-07-18,72
Matale,2025-07-19,72
Matale,2025-07-20,100
Matale,2025-07-21,100
Matale,2025-07-22,100
Matale,2025-07-23,99
Matale,2025-07-24,100
Matale,2025-07-25,100
Matale,2025-07-26,100
Matale,2025-07-27,70
Matale,2025-07-28,100
Matale,2025-07-29,98
Matale,2025-07-30,79
Matale,2025-07-31,98
Matale,2025-08-01,100
Matale,2025-08-02,100
Matale,2025-08-03,100
Matale,2025-08-04,98
Matale,2025-08-05,98
Matale,2025-08-06,100
Matale,2025-08-07,98
Matale,2025-08-08,98
Matale,2025-08-09,100
Matale,2025-08-10,100
Matale,2025-08-11,100
Matale,2025-08-12,100
Matale,2025-08-13,100
Matale,2025-08-14,99
Matale,2025-08-15,98
Matale,2025-08-16,100
Matale,2025-08-17,100
Matale,2025-08-18,99
Matale,2025-08-19,83
Matale,2025-08-20,90
Matale,2025-08-21,88
Matale,2025-08-22,86
Matale,2025-08-23,90
Matale,2025-08-24,88
Matale,2025-08-25,87
Matale,2025-08-26,84
Matale,2025-08-27,91
Matale,2025-08-28,86
Matale,2025-08-29,89
Matale,2025-08-30,86
Matale,2025-08-31,87
Matale,2025-09-01,63
Matale,2025-09-02,88
Matale,2025-09-03,89
Matale,2025-09-04,100
Matale,2025-09-05,100
Matale,2025-09-06,100
Matale,2025-09-07,97
Matale,2025-09-08,100
Matale,2025-09-09,100
Matale,2025-09-10,99
Matale,2025-09-11,100
Matale,2025-09-12,100
Matale,2025-09-13,94
Matale,2025-09-14,99
Matale,2025-09-15,98
Matale,2025-09-16,99
Matale,2025-09-17,100
Matale,2025-09-18,100
Matale,2025-09-19,99
Matale,2025-09-20,100
Matale,2025-09-21,100
Matale,2025-09-22,100
Matale,2025-09-23,100
Matale,2025-09-24,100
Matale,2025-09-25,98
Matale,2025-09-26,100
Matale,2025-09-27,98
Matale,2025-09-28,100
Matale,2025-09-29,99
Matale,2025-09-30,99
Matale,2025-10-01,100
Matale,2025-10-02,69
Matale,2025-10-03,100
Matale,2025-10-04,63
Matale,2025-10-05,99
Matale,2025-10-06,100
Matale,2025-10-07,80
Matale,2025-10-08,69
Matale,2025-10-09,100
Matale,2025-10-10,64
Matale,2025-10-11,69
Matale,2025-10-12,100
Matale,2025-10-13,100
Matale,2025-10-14,100
Matale,2025-10-15,99
Matale,2025-10-16,97
Matale,2025-10-17,100
Matale,2025-10-18,95
Matale,2025-10-19,49
Matale,2025-10-20,100
Matale,2025-10-21,100
Matale,2025-10-22,100
Matale,2025-10-23,64
Matale,2025-10-24,100
Matale,2025-10-25,100
Matale,2025-10-26,99
Matale,2025-10-27,100
Matale,2025-10-28,94
Matale,2025-10-29,99
Matale,2025-10-30,100
Matale,2025-10-31,98
Matale,2025-11-01,54
Matale,2025-11-02,100
Matale,2025-11-03,73
Matale,2025-11-04,100
Matale,2025-11-05,100
Matale,2025-11-06,100
Matale,2025-11-07,100
Matale,2025-11-08,100
Matale,2025-11-09,100
Matale,2025-11-10,100
Matale,2025-11-11,97
Matale,2025-11-12,51
Matale,2025-11-13,96
Matale,2025-11-14,100
Matale,2025-11-15,76
Matale,2025-11-16,82
Matale,2025-11-17,100
Matale,2025-11-18,97
Matale,2025-11-19,100
Matale,2025-11-20,97
Matale,2025-11-21,81
Matale,2025-11-22,70
Matale,2025-11-23,100
Matale,2025-11-24,100
Matale,2025-11-25,98
Matale,2025-11-26,100
Matale,2025-11-27,100
Matale,2025-11-28,100
Matale,2025-11-29,100
Matale,2025-11-30,100
Matale,2025-12-01,97
Matale,2025-12-02,100
Matale,2025-12-03,64
Matale,2025-12-04,100
Matale,2025-12-05,97
Matale,2025-12-06,99
Matale,2025-12-07,97
Matale,2025-12-08,73
Matale,2025-12-09,100
Matale,2025-12-10,100
Matale,2025-12-11,74
Matale,2025-12-12,99
Matale,2025-12-13,100
Matale,2025-12-14,68
Matale,2025-12-15,100
Matale,2025-12-16,98
Matale,2025-12-17,100
Matale,2025-12-18,98
Matale,2025-12-19,100
Matale,2025-12-20,100
Matale,2025-12-21,100
Matale,2025-12-22,100
Matale,2025-12-23,100
Matale,2025-12-24,100
Matale,2025-12-25,100
Matale,2025-12-26,97
Matale,2025-12-27,100
Matale,2025-12-28,100
Matale,2025-12-29,100
Matale,2025-12-30,100
Matale,2025-12-31,98
Matale,2026-01-01,100
Matale,2026-01-02,100
Matale,2026-01-03,100
Matale,2026-01-04,72
Matale,2026-01-05,73
Matale,2026-01-06,100
Matale,2026-01-07,100
Matale,2026-01-08,98
Matale,2026-01-09,100
Matale,2026-01-10,74
Matale,2026-01-11,96
Matale,2026-01-12,98
Matale,2026-01-13,100
Matale,2026-01-14,99
Matale,2026-01-15,100
Matale,2026-01-16,66
Matale,2026-01-17,98
Matale,2026-01-18,96
Matale,2026-01-19,100
Matale,2026-01-20,100
Matale,2026-01-21,100
Matale,2026-01-22,100
Matale,2026-01-23,100
Matale,2026-01-24,99
Matale,2026-01-25,77
Matale,2026-01-26,100
Matale,2026-01-27,99
Matale,2026-01-28,100
Matale,2026-01-29,96
Matale,2026-01-30,100
Matale,2026-01-31,96
Matale,2026-02-01,98
Matale,2026-02-02,99
Matale,2026-02-03,100
Matale,2026-02-04,100
Matale,2026-02-05,99
Matale,2026-02-06,100
Matale,2026-02-07,100
Matale,2026-02-08,100
Matale,2026-02-09,100
Matale,2026-02-10,98
Matale,2026-02-11,97
Matale,2026-02-12,98
Matale,2026-02-13,99
Matale,2026-02-14,70
Matale,2026-02-15,97
Matale,2026-02-16,96
Matale,2026-02-17,100
Matale,2026-02-18,99
Matale,2026-02-19,98
Matale,2026-02-20,100
Matale,2026-02-21,100
Matale,2026-02-22,98
Matale,2026-02-23,100
Matale,2026-02-24,100
Matale,2026-02-25,100
Matale,2026-02-26,100
Matale,2026-02-27,99
Matale,2026-02-28,99
Matale,2026-03-01,97
Matale,2026-03-02,96
Matale,2026-03-03,100
Matale,2026-03-04,100
Matale,2026-03-05,97
Matale,2026-03-06,99
Matale,2026-03-07,96
Matale,2026-03-08,100
Matale,2026-03-09,100
Matale,2026-03-10,99
Matale,2026-03-11,100
Matale,2026-03-12,100
Matale,2026-03-13,70
Matale,2026-03-14,98
Matale,2026-03-15,100
Matale,2026-03-16,100
Matale,2026-03-17,98
Matale,2026-03-18,98
Matale,2026-03-19,99
Matale,2026-03-20,63
Matale,2026-03-21,75
Matale,2026-03-22,100
Matale,2026-03-23,100
Matale,2026-03-24,98
Matale,2026-03-25,100
Matale,2026-03-26,98
Matale,2026-03-27,68
Matale,2026-03-28,77
Matale,2026-03-29,83
Matale,2026-03-30,80
Matale,2026-03-31,80
Matale,2026-04-01,64
Matale,2026-04-02,85
Matale,2026-04-03,83
Matale,2026-04-04,56
Matale,2026-04-05,47
Matale,2026-04-06,72
Matale,2026-04-07,82
Matale,2026-04-08,72
Matale,2026-04-09,80
Matale,2026-04-10,79
Matale,2026-04-11,78
Matale,2026-04-12,79
Matale,2026-04-13,82
Matale,2026-04-14,80
Matale,2026-04-15,80
Matale,2026-04-16,80
Matale,2026-04-17,77
Matale,2026-04-18,83
Matale,2026-04-19,63
Matale,2026-04-20,80
Matale,2026-04-21,64
Matale,2026-04-22,56
Matale,2026-04-23,100
Matale,2026-04-24,100
Matale,2026-04-25,100
Matale,2026-04-26,99
Matale,2026-04-27,100
Matale,2026-04-28,94
Matale,2026-04-29,100
Matale,2026-04-30,96
Matale,2026-05-01,45
Matale,2026-05-02,54
Matale,2026-05-03,99
Matale,2026-05-04,99
Matale,2026-05-05,70
Matale,2026-05-06,100
Matale,2026-05-07,100
Matale,2026-05-08,100
Matale,2026-05-09,100
Matale,2026-05-10,99
Matale,2026-05-11,97
Matale,2026-05-12,64
Matale,2026-05-13,100
Matale,2026-05-14,100
Matale,2026-05-15,48
Matale,2026-05-16,99
Matale,2026-05-17,100
Matale,2026-05-18,52
Matale,2026-05-19,64
Matale,2026-05-20,100
Matale,2026-05-21,99
Matale,2026-05-22,100
Matale,2026-05-23,98
Matale,2026-05-24,100
Matale,2026-05-25,99
Matale,2026-05-26,86
Matale,2026-05-27,64
Matale,2026-05-28,85
Matale,2026-05-29,86
Matale,2026-05-30,87
Matale,2026-05-31,88
Matale,2026-06-01,87
Matale,2026-06-02,72
Matale,2026-06-03,87
Matale,2026-06-04,46
Matale,2026-06-05,64
Matale,2026-06-06,89
Matale,2026-06-07,90
Matale,2026-06-08,91
Matale,2026-06-09,84
Matale,2026-06-10,87
Matale,2026-06-11,70
Matale,2026-06-12,89
Matale,2026-06-13,58
Matale,2026-06-14,92
Matale,2026-06-15,87
Matale,2026-06-16,86
Matale,2026-06-17,87
Matale,2026-06-18,85
Matale,2026-06-19,88
Matale,2026-06-20,87
Matale,2026-06-21,85
Matale,2026-06-22,85
Matale,2026-06-23,84
Matale,2026-06-24,58
Matale,2026-06-25,100
Matale,2026-06-26,98
Matale,2026-06-27,62
Matale,2026-06-28,100
Nuwara Eliya,2024-01-01,98
Nuwara Eliya,2024-01-02,99
Nuwara Eliya,2024-01-03,100
Nuwara Eliya,2024-01-04,97
Nuwara Eliya,2024-01-05,100
Nuwara Eliya,2024-01-06,99
Nuwara Eliya,2024-01-07,100
Nuwara Eliya,2024-01-08,100
Nuwara Eliya,2024-01-09,98
Nuwara Eliya,2024-01-10,98
Nuwara Eliya,2024-01-11,99
Nuwara Eliya,2024-01-12,98
Nuwara Eliya,2024-01-13,100
Nuwara Eliya,2024-01-14,99
Nuwara Eliya,2024-01-15,77
Nuwara Eliya,2024-01-16,99
Nuwara Eliya,2024-01-17,100
Nuwara Eliya,2024-01-18,97
Nuwara Eliya,2024-01-19,100
Nuwara Eliya,2024-01-20,100
Nuwara Eliya,2024-01-21,100
Nuwara Eliya,2024-01-22,98
Nuwara Eliya,2024-01-23,71
Nuwara Eliya,2024-01-24,99
Nuwara Eliya,2024-01-25,100
Nuwara Eliya,2024-01-26,98
Nuwara Eliya,2024-01-27,100
Nuwara Eliya,2024-01-28,100
Nuwara Eliya,2024-01-29,100
Nuwara Eliya,2024-01-30,71
Nuwara Eliya,2024-01-31,100
Nuwara Eliya,2024-02-01,100
Nuwara Eliya,2024-02-02,100
Nuwara Eliya,2024-02-03,96
Nuwara Eliya,2024-02-04,100
Nuwara Eliya,2024-02-05,97
Nuwara Eliya,2024-02-06,100
Nuwara Eliya,2024-02-07,98
Nuwara Eliya,2024-02-08,98
Nuwara Eliya,2024-02-09,100
Nuwara Eliya,2024-02-10,99
Nuwara Eliya,2024-02-11,100
Nuwara Eliya,2024-02-12,71
Nuwara Eliya,2024-02-13,100
Nuwara Eliya,2024-02-14,99
Nuwara Eliya,2024-02-15,99
Nuwara Eliya,2024-02-16,100
Nuwara Eliya,2024-02-17,100
Nuwara Eliya,2024-02-18,100
Nuwara Eliya,2024-02-19,100
Nuwara Eliya,2024-02-20,100
Nuwara Eliya,2024-02-21,66
Nuwara Eliya,2024-02-22,100
Nuwara Eliya,2024-02-23,100
Nuwara Eliya,2024-02-24,100
Nuwara Eliya,2024-02-25,100
Nuwara Eliya,2024-02-26,100
Nuwara Eliya,2024-02-27,96
Nuwara Eliya,2024-02-28,100
Nuwara Eliya,2024-02-29,96
Nuwara Eliya,2024-03-01,98
Nuwara Eliya,2024-03-02,100
Nuwara Eliya,2024-03-03,98
Nuwara Eliya,2024-03-04,72
Nuwara Eliya,2024-03-05,45
Nuwara Eliya,2024-03-06,69
Nuwara Eliya,2024-03-07,64
Nuwara Eliya,2024-03-08,100
Nuwara Eliya,2024-03-09,100
Nuwara Eliya,2024-03-10,100
Nuwara Eliya,2024-03-11,96
Nuwara Eliya,2024-03-12,99
Nuwara Eliya,2024-03-13,100
Nuwara Eliya,2024-03-14,99
Nuwara Eliya,2024-03-15,100
Nuwara Eliya,2024-03-16,56
Nuwara Eliya,2024-03-17,99
Nuwara Eliya,2024-03-18,100
Nuwara Eliya,2024-03-19,100
Nuwara Eliya,2024-03-20,100
Nuwara Eliya,2024-03-21,100
Nuwara Eliya,2024-03-22,100
Nuwara Eliya,2024-03-23,100
Nuwara Eliya,2024-03-24,97
Nuwara Eliya,2024-03-25,83
Nuwara Eliya,2024-03-26,100
Nuwara Eliya,2024-03-27,100
Nuwara Eliya,2024-03-28,100
Nuwara Eliya,2024-03-29,99
Nuwara Eliya,2024-03-30,98
Nuwara Eliya,2024-03-31,54
Nuwara Eliya,2024-04-01,100
Nuwara Eliya,2024-04-02,98
Nuwara Eliya,2024-04-03,100
Nuwara Eliya,2024-04-04,97
Nuwara Eliya,2024-04-05,100
Nuwara Eliya,2024-04-06,100
Nuwara Eliya,2024-04-07,51
Nuwara Eliya,2024-04-08,100
Nuwara Eliya,2024-04-09,97
Nuwara Eliya,2024-04-10,100
Nuwara Eliya,2024-04-11,100
Nuwara Eliya,2024-04-12,98
Nuwara Eliya,2024-04-13,100
Nuwara Eliya,2024-04-14,100
Nuwara Eliya,2024-04-15,100
Nuwara Eliya,2024-04-16,99
Nuwara Eliya,2024-04-17,66
Nuwara Eliya,2024-04-18,100
Nuwara Eliya,2024-04-19,100
Nuwara Eliya,2024-04-20,97
Nuwara Eliya,2024-04-21,52
Nuwara Eliya,2024-04-22,100
Nuwara Eliya,2024-04-23,100
Nuwara Eliya,2024-04-24,99
Nuwara Eliya,2024-04-25,100
Nuwara Eliya,2024-04-26,99
Nuwara Eliya,2024-04-27,100
Nuwara Eliya,2024-04-28,100
Nuwara Eliya,2024-04-29,100
Nuwara Eliya,2024-04-30,100
Nuwara Eliya,2024-05-01,100
Nuwara Eliya,2024-05-02,99
Nuwara Eliya,2024-05-03,99
Nuwara Eliya,2024-05-04,67
Nuwara Eliya,2024-05-05,64
Nuwara Eliya,2024-05-06,100
Nuwara Eliya,2024-05-07,100
Nuwara Eliya,2024-05-08,65
Nuwara Eliya,2024-05-09,97
Nuwara Eliya,2024-05-10,100
Nuwara Eliya,2024-05-11,100
Nuwara Eliya,2024-05-12,100
Nuwara Eliya,2024-05-13,100
Nuwara Eliya,2024-05-14,100
Nuwara Eliya,2024-05-15,61
Nuwara Eliya,2024-05-16,100
Nuwara Eliya,2024-05-17,97
Nuwara Eliya,2024-05-18,97
Nuwara Eliya,2024-05-19,99
Nuwara Eliya,2024-05-20,98
Nuwara Eliya,2024-05-21,58
Nuwara Eliya,2024-05-22,100
Nuwara Eliya,2024-05-23,98
Nuwara Eliya,2024-05-24,67
Nuwara Eliya,2024-05-25,100
Nuwara Eliya,2024-05-26,55
Nuwara Eliya,2024-05-27,100
Nuwara Eliya,2024-05-28,100
Nuwara Eliya,2024-05-29,99
Nuwara Eliya,2024-05-30,99
Nuwara Eliya,2024-05-31,99
Nuwara Eliya,2024-06-01,100
Nuwara Eliya,2024-06-02,99
Nuwara Eliya,2024-06-03,100
Nuwara Eliya,2024-06-04,98
Nuwara Eliya,2024-06-05,100
Nuwara Eliya,2024-06-06,97
Nuwara Eliya,2024-06-07,100
Nuwara Eliya,2024-06-08,100
Nuwara Eliya,2024-06-09,100
Nuwara Eliya,2024-06-10,98
Nuwara Eliya,2024-06-11,100
Nuwara Eliya,2024-06-12,100
Nuwara Eliya,2024-06-13,97
Nuwara Eliya,2024-06-14,99
Nuwara Eliya,2024-06-15,60
Nuwara Eliya,2024-06-16,98
Nuwara Eliya,2024-06-17,63
Nuwara Eliya,2024-06-18,62
Nuwara Eliya,2024-06-19,51
Nuwara Eliya,2024-06-20,100
Nuwara Eliya,2024-06-21,100
Nuwara Eliya,2024-06-22,97
Nuwara Eliya,2024-06-23,100
Nuwara Eliya,2024-06-24,100
Nuwara Eliya,2024-06-25,100
Nuwara Eliya,2024-06-26,100
Nuwara Eliya,2024-06-27,100
Nuwara Eliya,2024-06-28,98
Nuwara Eliya,2024-06-29,100
Nuwara Eliya,2024-06-30,99
Nuwara Eliya,2024-07-01,97
Nuwara Eliya,2024-07-02,98
Nuwara Eliya,2024-07-03,97
Nuwara Eliya,2024-07-04,100
Nuwara Eliya,2024-07-05,100
Nuwara Eliya,2024-07-06,100
Nuwara Eliya,2024-07-07,100
Nuwara Eliya,2024-07-08,78
Nuwara Eliya,2024-07-09,98
Nuwara Eliya,2024-07-10,100
Nuwara Eliya,2024-07-11,100
Nuwara Eliya,2024-07-12,96
Nuwara Eliya,2024-07-13,100
Nuwara Eliya,2024-07-14,100
Nuwara Eliya,2024-07-15,100
Nuwara Eliya,2024-07-16,100
Nuwara Eliya,2024-07-17,96
Nuwara Eliya,2024-07-18,100
Nuwara Eliya,2024-07-19,100
Nuwara Eliya,2024-07-20,100
Nuwara Eliya,2024-07-21,98
Nuwara Eliya,2024-07-22,100
Nuwara Eliya,2024-07-23,99
Nuwara Eliya,2024-07-24,97
Nuwara Eliya,2024-07-25,98
Nuwara Eliya,2024-07-26,100
Nuwara Eliya,2024-07-27,99
Nuwara Eliya,2024-07-28,100
Nuwara Eliya,2024-07-29,70
Nuwara Eliya,2024-07-30,98
Nuwara Eliya,2024-07-31,99
Nuwara Eliya,2024-08-01,100
Nuwara Eliya,2024-08-02,100
Nuwara Eliya,2024-08-03,62
Nuwara Eliya,2024-08-04,98
Nuwara Eliya,2024-08-05,99
Nuwara Eliya,2024-08-06,98
Nuwara Eliya,2024-08-07,100
Nuwara Eliya,2024-08-08,100
Nuwara Eliya,2024-08-09,100
Nuwara Eliya,2024-08-10,100
Nuwara Eliya,2024-08-11,100
Nuwara Eliya,2024-08-12,100
Nuwara Eliya,2024-08-13,100
Nuwara Eliya,2024-08-14,100
Nuwara Eliya,2024-08-15,100
Nuwara Eliya,2024-08-16,100
Nuwara Eliya,2024-08-17,100
Nuwara Eliya,2024-08-18,100
Nuwara Eliya,2024-08-19,100
Nuwara Eliya,2024-08-20,100
Nuwara Eliya,2024-08-21,73
Nuwara Eliya,2024-08-22,90
Nuwara Eliya,2024-08-23,89
Nuwara Eliya,2024-08-24,91
Nuwara Eliya,2024-08-25,93
Nuwara Eliya,2024-08-26,88
Nuwara Eliya,2024-08-27,90
Nuwara Eliya,2024-08-28,91
Nuwara Eliya,2024-08-29,88
Nuwara Eliya,2024-08-30,89
Nuwara Eliya,2024-08-31,88
Nuwara Eliya,2024-09-01,91
Nuwara Eliya,2024-09-02,91
Nuwara Eliya,2024-09-03,69
Nuwara Eliya,2024-09-04,90
Nuwara Eliya,2024-09-05,99
Nuwara Eliya,2024-09-06,100
Nuwara Eliya,2024-09-07,100
Nuwara Eliya,2024-09-08,100
Nuwara Eliya,2024-09-09,100
Nuwara Eliya,2024-09-10,99
Nuwara Eliya,2024-09-11,100
Nuwara Eliya,2024-09-12,100
Nuwara Eliya,2024-09-13,100
Nuwara Eliya,2024-09-14,100
Nuwara Eliya,2024-09-15,100
Nuwara Eliya,2024-09-16,100
Nuwara Eliya,2024-09-17,100
Nuwara Eliya,2024-09-18,97
Nuwara Eliya,2024-09-19,78
Nuwara Eliya,2024-09-20,100
Nuwara Eliya,2024-09-21,100
Nuwara Eliya,2024-09-22,99
Nuwara Eliya,2024-09-23,98
Nuwara Eliya,2024-09-24,99
Nuwara Eliya,2024-09-25,100
Nuwara Eliya,2024-09-26,100
Nuwara Eliya,2024-09-27,100
Nuwara Eliya,2024-09-28,100
Nuwara Eliya,2024-09-29,96
Nuwara Eliya,2024-09-30,99
Nuwara Eliya,2024-10-01,100
Nuwara Eliya,2024-10-02,64
Nuwara Eliya,2024-10-03,100
Nuwara Eliya,2024-10-04,99
Nuwara Eliya,2024-10-05,99
Nuwara Eliya,2024-10-06,97
Nuwara Eliya,2024-10-07,100
Nuwara Eliya,2024-10-08,100
Nuwara Eliya,2024-10-09,97
Nuwara Eliya,2024-10-10,97
Nuwara Eliya,2024-10-11,100
Nuwara Eliya,2024-10-12,100
Nuwara Eliya,2024-10-13,100
Nuwara Eliya,2024-10-14,98
Nuwara Eliya,2024-10-15,96
Nuwara Eliya,2024-10-16,100
Nuwara Eliya,2024-10-17,56
Nuwara Eliya,2024-10-18,100
Nuwara Eliya,2024-10-19,100
Nuwara Eliya,2024-10-20,80
Nuwara Eliya,2024-10-21,85
Nuwara Eliya,2024-10-22,96
Nuwara Eliya,2024-10-23,72
Nuwara Eliya,2024-10-24,100
Nuwara Eliya,2024-10-25,99
Nuwara Eliya,2024-10-26,100
Nuwara Eliya,2024-10-27,99
Nuwara Eliya,2024-10-28,99
Nuwara Eliya,2024-10-29,97
Nuwara Eliya,2024-10-30,100
Nuwara Eliya,2024-10-31,98
Nuwara Eliya,2024-11-01,99
Nuwara Eliya,2024-11-02,45
Nuwara Eliya,2024-11-03,51
Nuwara Eliya,2024-11-04,99
Nuwara Eliya,2024-11-05,100
Nuwara Eliya,2024-11-06,100
Nuwara Eliya,2024-11-07,99
Nuwara Eliya,2024-11-08,99
Nuwara Eliya,2024-11-09,90
Nuwara Eliya,2024-11-10,90
Nuwara Eliya,2024-11-11,91
Nuwara Eliya,2024-11-12,90
Nuwara Eliya,2024-11-13,91
Nuwara Eliya,2024-11-14,89
Nuwara Eliya,2024-11-15,88
Nuwara Eliya,2024-11-16,90
Nuwara Eliya,2024-11-17,89
Nuwara Eliya,2024-11-18,89
Nuwara Eliya,2024-11-19,88
Nuwara Eliya,2024-11-20,88
Nuwara Eliya,2024-11-21,90
Nuwara Eliya,2024-11-22,87
Nuwara Eliya,2024-11-23,90
Nuwara Eliya,2024-11-24,90
Nuwara Eliya,2024-11-25,88
Nuwara Eliya,2024-11-26,90
Nuwara Eliya,2024-11-27,89
Nuwara Eliya,2024-11-28,68
Nuwara Eliya,2024-11-29,88
Nuwara Eliya,2024-11-30,91
Nuwara Eliya,2024-12-01,93
Nuwara Eliya,2024-12-02,88
Nuwara Eliya,2024-12-03,88
Nuwara Eliya,2024-12-04,90
Nuwara Eliya,2024-12-05,91
Nuwara Eliya,2024-12-06,100
Nuwara Eliya,2024-12-07,98
Nuwara Eliya,2024-12-08,100
Nuwara Eliya,2024-12-09,100
Nuwara Eliya,2024-12-10,99
Nuwara Eliya,2024-12-11,99
Nuwara Eliya,2024-12-12,98
Nuwara Eliya,2024-12-13,100
Nuwara Eliya,2024-12-14,99
Nuwara Eliya,2024-12-15,98
Nuwara Eliya,2024-12-16,100
Nuwara Eliya,2024-12-17,100
Nuwara Eliya,2024-12-18,100
Nuwara Eliya,2024-12-19,100
Nuwara Eliya,2024-12-20,98
Nuwara Eliya,2024-12-21,100
Nuwara Eliya,2024-12-22,98
Nuwara Eliya,2024-12-23,100
Nuwara Eliya,2024-12-24,98
Nuwara Eliya,2024-12-25,98
Nuwara Eliya,2024-12-26,100
Nuwara Eliya,2024-12-27,100
Nuwara Eliya,2024-12-28,100
Nuwara Eliya,2024-12-29,100
Nuwara Eliya,2024-12-30,100
Nuwara Eliya,2024-12-31,73
Nuwara Eliya,2025-01-01,100
Nuwara Eliya,2025-01-02,100
Nuwara Eliya,2025-01-03,100
Nuwara Eliya,2025-01-04,100
Nuwara Eliya,2025-01-05,100
Nuwara Eliya,2025-01-06,83
Nuwara Eliya,2025-01-07,85
Nuwara Eliya,2025-01-08,86
Nuwara Eliya,2025-01-09,87
Nuwara Eliya,2025-01-10,83
Nuwara Eliya,2025-01-11,89
Nuwara Eliya,2025-01-12,88
Nuwara Eliya,2025-01-13,86
Nuwara Eliya,2025-01-14,84
Nuwara Eliya,2025-01-15,83
Nuwara Eliya,2025-01-16,87
Nuwara Eliya,2025-01-17,84
Nuwara Eliya,2025-01-18,86
Nuwara Eliya,2025-01-19,100
Nuwara Eliya,2025-01-20,97
Nuwara Eliya,2025-01-21,100
Nuwara Eliya,2025-01-22,58
Nuwara Eliya,2025-01-23,100
Nuwara Eliya,2025-01-24,100
Nuwara Eliya,2025-01-25,100
Nuwara Eliya,2025-01-26,98
Nuwara Eliya,2025-01-27,99
Nuwara Eliya,2025-01-28,100
Nuwara Eliya,2025-01-29,99
Nuwara Eliya,2025-01-30,98
Nuwara Eliya,2025-01-31,100
Nuwara Eliya,2025-02-01,100
Nuwara Eliya,2025-02-02,99
Nuwara Eliya,2025-02-03,100
Nuwara Eliya,2025-02-04,100
Nuwara Eliya,2025-02-05,100
Nuwara Eliya,2025-02-06,95
Nuwara Eliya,2025-02-07,76
Nuwara Eliya,2025-02-08,100
Nuwara Eliya,2025-02-09,99
Nuwara Eliya,2025-02-10,100
Nuwara Eliya,2025-02-11,100
Nuwara Eliya,2025-02-12,98
Nuwara Eliya,2025-02-13,65
Nuwara Eliya,2025-02-14,100
Nuwara Eliya,2025-02-15,100
Nuwara Eliya,2025-02-16,100
Nuwara Eliya,2025-02-17,100
Nuwara Eliya,2025-02-18,60
Nuwara Eliya,2025-02-19,98
Nuwara Eliya,2025-02-20,99
Nuwara Eliya,2025-02-21,98
Nuwara Eliya,2025-02-22,100
Nuwara Eliya,2025-02-23,100
Nuwara Eliya,2025-02-24,100
Nuwara Eliya,2025-02-25,100
Nuwara Eliya,2025-02-26,100
Nuwara Eliya,2025-02-27,100
Nuwara Eliya,2025-02-28,100
Nuwara Eliya,2025-03-01,98
Nuwara Eliya,2025-03-02,100
Nuwara Eliya,2025-03-03,99
Nuwara Eliya,2025-03-04,99
Nuwara Eliya,2025-03-05,100
Nuwara Eliya,2025-03-06,100
Nuwara Eliya,2025-03-07,100
Nuwara Eliya,2025-03-08,96
Nuwara Eliya,2025-03-09,98
Nuwara Eliya,2025-03-10,100
Nuwara Eliya,2025-03-11,100
Nuwara Eliya,2025-03-12,100
Nuwara Eliya,2025-03-13,59
Nuwara Eliya,2025-03-14,100
Nuwara Eliya,2025-03-15,100
Nuwara Eliya,2025-03-16,98
Nuwara Eliya,2025-03-17,100
Nuwara Eliya,2025-03-18,97
Nuwara Eliya,2025-03-19,100
Nuwara Eliya,2025-03-20,100
Nuwara Eliya,2025-03-21,100
Nuwara Eliya,2025-03-22,57
Nuwara Eliya,2025-03-23,99
Nuwara Eliya,2025-03-24,96
Nuwara Eliya,2025-03-25,100
Nuwara Eliya,2025-03-26,99
Nuwara Eliya,2025-03-27,60
Nuwara Eliya,2025-03-28,65
Nuwara Eliya,2025-03-29,98
Nuwara Eliya,2025-03-30,100
Nuwara Eliya,2025-03-31,70
Nuwara Eliya,2025-04-01,48
Nuwara Eliya,2025-04-02,100
Nuwara Eliya,2025-04-03,75
Nuwara Eliya,2025-04-04,100
Nuwara Eliya,2025-04-05,96
Nuwara Eliya,2025-04-06,100
Nuwara Eliya,2025-04-07,100
Nuwara Eliya,2025-04-08,99
Nuwara Eliya,2025-04-09,100
Nuwara Eliya,2025-04-10,96
Nuwara Eliya,2025-04-11,97
Nuwara Eliya,2025-04-12,99
Nuwara Eliya,2025-04-13,85
Nuwara Eliya,2025-04-14,86
Nuwara Eliya,2025-04-15,80
Nuwara Eliya,2025-04-16,77
Nuwara Eliya,2025-04-17,83
Nuwara Eliya,2025-04-18,83
Nuwara Eliya,2025-04-19,79
Nuwara Eliya,2025-04-20,80
Nuwara Eliya,2025-04-21,83
Nuwara Eliya,2025-04-22,60
Nuwara Eliya,2025-04-23,60
Nuwara Eliya,2025-04-24,81
Nuwara Eliya,2025-04-25,46
Nuwara Eliya,2025-04-26,57
Nuwara Eliya,2025-04-27,84
Nuwara Eliya,2025-04-28,57
Nuwara Eliya,2025-04-29,55
Nuwara Eliya,2025-04-30,93
Nuwara Eliya,2025-05-01,93
Nuwara Eliya,2025-05-02,91
Nuwara Eliya,2025-05-03,91
Nuwara Eliya,2025-05-04,92
Nuwara Eliya,2025-05-05,98
Nuwara Eliya,2025-05-06,100
Nuwara Eliya,2025-05-07,97
Nuwara Eliya,2025-05-08,48
Nuwara Eliya,2025-05-09,100
Nuwara Eliya,2025-05-10,98
Nuwara Eliya,2025-05-11,63
Nuwara Eliya,2025-05-12,100
Nuwara Eliya,2025-05-13,99
Nuwara Eliya,2025-05-14,55
Nuwara Eliya,2025-05-15,100
Nuwara Eliya,2025-05-16,98
Nuwara Eliya,2025-05-17,100
Nuwara Eliya,2025-05-18,100
Nuwara Eliya,2025-05-19,100
Nuwara Eliya,2025-05-20,98
Nuwara Eliya,2025-05-21,100
Nuwara Eliya,2025-05-22,100
Nuwara Eliya,2025-05-23,100
Nuwara Eliya,2025-05-24,100
Nuwara Eliya,2025-05-25,99
Nuwara Eliya,2025-05-26,100
Nuwara Eliya,2025-05-27,97
Nuwara Eliya,2025-05-28,100
Nuwara Eliya,2025-05-29,98
Nuwara Eliya,2025-05-30,100
Nuwara Eliya,2025-05-31,79
Nuwara Eliya,2025-06-01,99
Nuwara Eliya,2025-06-02,100
Nuwara Eliya,2025-06-03,99
Nuwara Eliya,2025-06-04,63
Nuwara Eliya,2025-06-05,97
Nuwara Eliya,2025-06-06,100
Nuwara Eliya,2025-06-07,100
Nuwara Eliya,2025-06-08,100
Nuwara Eliya,2025-06-09,99
Nuwara Eliya,2025-06-10,100
Nuwara Eliya,2025-06-11,100
Nuwara Eliya,2025-06-12,100
Nuwara Eliya,2025-06-13,98
Nuwara Eliya,2025-06-14,68
Nuwara Eliya,2025-06-15,100
Nuwara Eliya,2025-06-16,100
Nuwara Eliya,2025-06-17,99
Nuwara Eliya,2025-06-18,100
Nuwara Eliya,2025-06-19,100
Nuwara Eliya,2025-06-20,100
Nuwara Eliya,2025-06-21,100
Nuwara Eliya,2025-06-22,75
Nuwara Eliya,2025-06-23,69
Nuwara Eliya,2025-06-24,66
Nuwara Eliya,2025-06-25,96
Nuwara Eliya,2025-06-26,81
Nuwara Eliya,2025-06-27,85
Nuwara Eliya,2025-06-28,83
Nuwara Eliya,2025-06-29,70
Nuwara Eliya,2025-06-30,54
Nuwara Eliya,2025-07-01,85
Nuwara Eliya,2025-07-02,81
Nuwara Eliya,2025-07-03,80
Nuwara Eliya,2025-07-04,84
Nuwara Eliya,2025-07-05,83
Nuwara Eliya,2025-07-06,86
Nuwara Eliya,2025-07-07,75
Nuwara Eliya,2025-07-08,82
Nuwara Eliya,2025-07-09,86
Nuwara Eliya,2025-07-10,60
Nuwara Eliya,2025-07-11,81
Nuwara Eliya,2025-07-12,72
Nuwara Eliya,2025-07-13,84
Nuwara Eliya,2025-07-14,85
Nuwara Eliya,2025-07-15,80
Nuwara Eliya,2025-07-16,100
Nuwara Eliya,2025-07-17,100
Nuwara Eliya,2025-07-18,99
Nuwara Eliya,2025-07-19,81
Nuwara Eliya,2025-07-20,100
Nuwara Eliya,2025-07-21,100
Nuwara Eliya,2025-07-22,100
Nuwara Eliya,2025-07-23,98
Nuwara Eliya,2025-07-24,99
Nuwara Eliya,2025-07-25,100
Nuwara Eliya,2025-07-26,100
Nuwara Eliya,2025-07-27,100
Nuwara Eliya,2025-07-28,100
Nuwara Eliya,2025-07-29,100
Nuwara Eliya,2025-07-30,81
Nuwara Eliya,2025-07-31,78
Nuwara Eliya,2025-08-01,78
Nuwara Eliya,2025-08-02,80
Nuwara Eliya,2025-08-03,81
Nuwara Eliya,2025-08-04,80
Nuwara Eliya,2025-08-05,82
Nuwara Eliya,2025-08-06,78
Nuwara Eliya,2025-08-07,84
Nuwara Eliya,2025-08-08,82
Nuwara Eliya,2025-08-09,80
Nuwara Eliya,2025-08-10,83
Nuwara Eliya,2025-08-11,77
Nuwara Eliya,2025-08-12,81
Nuwara Eliya,2025-08-13,81
Nuwara Eliya,2025-08-14,82
Nuwara Eliya,2025-08-15,97
Nuwara Eliya,2025-08-16,98
Nuwara Eliya,2025-08-17,67
Nuwara Eliya,2025-08-18,79
Nuwara Eliya,2025-08-19,93
Nuwara Eliya,2025-08-20,92
Nuwara Eliya,2025-08-21,66
Nuwara Eliya,2025-08-22,94
Nuwara Eliya,2025-08-23,95
Nuwara Eliya,2025-08-24,74
Nuwara Eliya,2025-08-25,92
Nuwara Eliya,2025-08-26,91
Nuwara Eliya,2025-08-27,92
Nuwara Eliya,2025-08-28,94
Nuwara Eliya,2025-08-29,93
Nuwara Eliya,2025-08-30,93
Nuwara Eliya,2025-08-31,92
Nuwara Eliya,2025-09-01,100
Nuwara Eliya,2025-09-02,100
Nuwara Eliya,2025-09-03,100
Nuwara Eliya,2025-09-04,62
Nuwara Eliya,2025-09-05,98
Nuwara Eliya,2025-09-06,100
Nuwara Eliya,2025-09-07,99
Nuwara Eliya,2025-09-08,97
Nuwara Eliya,2025-09-09,100
Nuwara Eliya,2025-09-10,100
Nuwara Eliya,2025-09-11,97
Nuwara Eliya,2025-09-12,99
Nuwara Eliya,2025-09-13,97
Nuwara Eliya,2025-09-14,100
Nuwara Eliya,2025-09-15,99
Nuwara Eliya,2025-09-16,100
Nuwara Eliya,2025-09-17,100
Nuwara Eliya,2025-09-18,98
Nuwara Eliya,2025-09-19,97
Nuwara Eliya,2025-09-20,100
Nuwara Eliya,2025-09-21,100
Nuwara Eliya,2025-09-22,100
Nuwara Eliya,2025-09-23,100
Nuwara Eliya,2025-09-24,97
Nuwara Eliya,2025-09-25,95
Nuwara Eliya,2025-09-26,100
Nuwara Eliya,2025-09-27,100
Nuwara Eliya,2025-09-28,97
Nuwara Eliya,2025-09-29,79
Nuwara Eliya,2025-09-30,98
Nuwara Eliya,2025-10-01,70
Nuwara Eliya,2025-10-02,100
Nuwara Eliya,2025-10-03,49
Nuwara Eliya,2025-10-04,50
Nuwara Eliya,2025-10-05,99
Nuwara Eliya,2025-10-06,70
Nuwara Eliya,2025-10-07,46
Nuwara Eliya,2025-10-08,100
Nuwara Eliya,2025-10-09,95
Nuwara Eliya,2025-10-10,69
Nuwara Eliya,2025-10-11,100
Nuwara Eliya,2025-10-12,94
Nuwara Eliya,2025-10-13,100
Nuwara Eliya,2025-10-14,69
Nuwara Eliya,2025-10-15,56
Nuwara Eliya,2025-10-16,100
Nuwara Eliya,2025-10-17,100
Nuwara Eliya,2025-10-18,59
Nuwara Eliya,2025-10-19,98
Nuwara Eliya,2025-10-20,98
Nuwara Eliya,2025-10-21,100
Nuwara Eliya,2025-10-22,77
Nuwara Eliya,2025-10-23,98
Nuwara Eliya,2025-10-24,66
Nuwara Eliya,2025-10-25,59
Nuwara Eliya,2025-10-26,77
Nuwara Eliya,2025-10-27,100
Nuwara Eliya,2025-10-28,55
Nuwara Eliya,2025-10-29,100
Nuwara Eliya,2025-10-30,99
Nuwara Eliya,2025-10-31,100
Nuwara Eliya,2025-11-01,99
Nuwara Eliya,2025-11-02,98
Nuwara Eliya,2025-11-03,100
Nuwara Eliya,2025-11-04,99
Nuwara Eliya,2025-11-05,100
Nuwara Eliya,2025-11-06,100
Nuwara Eliya,2025-11-07,100
Nuwara Eliya,2025-11-08,69
Nuwara Eliya,2025-11-09,98
Nuwara Eliya,2025-11-10,49
Nuwara Eliya,2025-11-11,100
Nuwara Eliya,2025-11-12,100
Nuwara Eliya,2025-11-13,50
Nuwara Eliya,2025-11-14,100
Nuwara Eliya,2025-11-15,100
Nuwara Eliya,2025-11-16,100
Nuwara Eliya,2025-11-17,100
Nuwara Eliya,2025-11-18,98
Nuwara Eliya,2025-11-19,100
Nuwara Eliya,2025-11-20,69
Nuwara Eliya,2025-11-21,100
Nuwara Eliya,2025-11-22,100
Nuwara Eliya,2025-11-23,100
Nuwara Eliya,2025-11-24,99
Nuwara Eliya,2025-11-25,100
Nuwara Eliya,2025-11-26,99
Nuwara Eliya,2025-11-27,100
Nuwara Eliya,2025-11-28,99
Nuwara Eliya,2025-11-29,71
Nuwara Eliya,2025-11-30,100
Nuwara Eliya,2025-12-01,100
Nuwara Eliya,2025-12-02,98
Nuwara Eliya,2025-12-03,97
Nuwara Eliya,2025-12-04,97
Nuwara Eliya,2025-12-05,99
Nuwara Eliya,2025-12-06,100
Nuwara Eliya,2025-12-07,100
Nuwara Eliya,2025-12-08,100
Nuwara Eliya,2025-12-09,100
Nuwara Eliya,2025-12-10,63
Nuwara Eliya,2025-12-11,100
Nuwara Eliya,2025-12-12,97
Nuwara Eliya,2025-12-13,97
Nuwara Eliya,2025-12-14,100
Nuwara Eliya,2025-12-15,100
Nuwara Eliya,2025-12-16,99
Nuwara Eliya,2025-12-17,100
Nuwara Eliya,2025-12-18,97
Nuwara Eliya,2025-12-19,100
Nuwara Eliya,2025-12-20,100
Nuwara Eliya,2025-12-21,100
Nuwara Eliya,2025-12-22,99
Nuwara Eliya,2025-12-23,99
Nuwara Eliya,2025-12-24,99
Nuwara Eliya,2025-12-25,100
Nuwara Eliya,2025-12-26,99
Nuwara Eliya,2025-12-27,100
Nuwara Eliya,2025-12-28,100
Nuwara Eliya,2025-12-29,100
Nuwara Eliya,2025-12-30,98
Nuwara Eliya,2025-12-31,100
Nuwara Eliya,2026-01-01,99
Nuwara Eliya,2026-01-02,98
Nuwara Eliya,2026-01-03,100
Nuwara Eliya,2026-01-04,99
Nuwara Eliya,2026-01-05,99
Nuwara Eliya,2026-01-06,99
Nuwara Eliya,2026-01-07,99
Nuwara Eliya,2026-01-08,99
Nuwara Eliya,2026-01-09,99
Nuwara Eliya,2026-01-10,95
Nuwara Eliya,2026-01-11,98
Nuwara Eliya,2026-01-12,100
Nuwara Eliya,2026-01-13,100
Nuwara Eliya,2026-01-14,99
Nuwara Eliya,2026-01-15,98
Nuwara Eliya,2026-01-16,100
Nuwara Eliya,2026-01-17,100
Nuwara Eliya,2026-01-18,99
Nuwara Eliya,2026-01-19,100
Nuwara Eliya,2026-01-20,100
Nuwara Eliya,2026-01-21,100
Nuwara Eliya,2026-01-22,97
Nuwara Eliya,2026-01-23,97
Nuwara Eliya,2026-01-24,79
Nuwara Eliya,2026-01-25,99
Nuwara Eliya,2026-01-26,100
Nuwara Eliya,2026-01-27,99
Nuwara Eliya,2026-01-28,100
Nuwara Eliya,2026-01-29,99
Nuwara Eliya,2026-01-30,85
Nuwara Eliya,2026-01-31,100
Nuwara Eliya,2026-02-01,60
Nuwara Eliya,2026-02-02,98
Nuwara Eliya,2026-02-03,96
Nuwara Eliya,2026-02-04,100
Nuwara Eliya,2026-02-05,98
Nuwara Eliya,2026-02-06,96
Nuwara Eliya,2026-02-07,70
Nuwara Eliya,2026-02-08,97
Nuwara Eliya,2026-02-09,98
Nuwara Eliya,2026-02-10,100
Nuwara Eliya,2026-02-11,100
Nuwara Eliya,2026-02-12,99
Nuwara Eliya,2026-02-13,100
Nuwara Eliya,2026-02-14,100
Nuwara Eliya,2026-02-15,99
Nuwara Eliya,2026-02-16,62
Nuwara Eliya,2026-02-17,98
Nuwara Eliya,2026-02-18,99
Nuwara Eliya,2026-02-19,99
Nuwara Eliya,2026-02-20,100
Nuwara Eliya,2026-02-21,100
Nuwara Eliya,2026-02-22,100
Nuwara Eliya,2026-02-23,100
Nuwara Eliya,2026-02-24,99
Nuwara Eliya,2026-02-25,100
Nuwara Eliya,2026-02-26,58
Nuwara Eliya,2026-02-27,98
Nuwara Eliya,2026-02-28,100
Nuwara Eliya,2026-03-01,64
Nuwara Eliya,2026-03-02,100
Nuwara Eliya,2026-03-03,97
Nuwara Eliya,2026-03-04,99
Nuwara Eliya,2026-03-05,100
Nuwara Eliya,2026-03-06,99
Nuwara Eliya,2026-03-07,100
Nuwara Eliya,2026-03-08,97
Nuwara Eliya,2026-03-09,51
Nuwara Eliya,2026-03-10,100
Nuwara Eliya,2026-03-11,100
Nuwara Eliya,2026-03-12,100
Nuwara Eliya,2026-03-13,65
Nuwara Eliya,2026-03-14,98
Nuwara Eliya,2026-03-15,100
Nuwara Eliya,2026-03-16,53
Nuwara Eliya,2026-03-17,97
Nuwara Eliya,2026-03-18,98
Nuwara Eliya,2026-03-19,100
Nuwara Eliya,2026-03-20,100
Nuwara Eliya,2026-03-21,100
Nuwara Eliya,2026-03-22,99
Nuwara Eliya,2026-03-23,56
Nuwara Eliya,2026-03-24,100
Nuwara Eliya,2026-03-25,49
Nuwara Eliya,2026-03-26,50
Nuwara Eliya,2026-03-27,99
Nuwara Eliya,2026-03-28,65
Nuwara Eliya,2026-03-29,100
Nuwara Eliya,2026-03-30,99
Nuwara Eliya,2026-03-31,99
Nuwara Eliya,2026-04-01,98
Nuwara Eliya,2026-04-02,100
Nuwara Eliya,2026-04-03,99
Nuwara Eliya,2026-04-04,97
Nuwara Eliya,2026-04-05,61
Nuwara Eliya,2026-04-06,100
Nuwara Eliya,2026-04-07,100
Nuwara Eliya,2026-04-08,100
Nuwara Eliya,2026-04-09,100
Nuwara Eliya,2026-04-10,76
Nuwara Eliya,2026-04-11,97
Nuwara Eliya,2026-04-12,100
Nuwara Eliya,2026-04-13,100
Nuwara Eliya,2026-04-14,57
Nuwara Eliya,2026-04-15,100
Nuwara Eliya,2026-04-16,92
Nuwara Eliya,2026-04-17,61
Nuwara Eliya,2026-04-18,86
Nuwara Eliya,2026-04-19,86
Nuwara Eliya,2026-04-20,86
Nuwara Eliya,2026-04-21,54
Nuwara Eliya,2026-04-22,90
Nuwara Eliya,2026-04-23,89
Nuwara Eliya,2026-04-24,86
Nuwara Eliya,2026-04-25,87
Nuwara Eliya,2026-04-26,87
Nuwara Eliya,2026-04-27,85
Nuwara Eliya,2026-04-28,86
Nuwara Eliya,2026-04-29,80
Nuwara Eliya,2026-04-30,83
Nuwara Eliya,2026-05-01,87
Nuwara Eliya,2026-05-02,87
Nuwara Eliya,2026-05-03,87
Nuwara Eliya,2026-05-04,84
Nuwara Eliya,2026-05-05,53
Nuwara Eliya,2026-05-06,87
Nuwara Eliya,2026-05-07,51
Nuwara Eliya,2026-05-08,81
Nuwara Eliya,2026-05-09,85
Nuwara Eliya,2026-05-10,87
Nuwara Eliya,2026-05-11,51
Nuwara Eliya,2026-05-12,100
Nuwara Eliya,2026-05-13,100
Nuwara Eliya,2026-05-14,100
Nuwara Eliya,2026-05-15,98
Nuwara Eliya,2026-05-16,71
Nuwara Eliya,2026-05-17,58
Nuwara Eliya,2026-05-18,99
Nuwara Eliya,2026-05-19,98
Nuwara Eliya,2026-05-20,49
Nuwara Eliya,2026-05-21,98
Nuwara Eliya,2026-05-22,100
Nuwara Eliya,2026-05-23,100
Nuwara Eliya,2026-05-24,100
Nuwara Eliya,2026-05-25,99
Nuwara Eliya,2026-05-26,99
Nuwara Eliya,2026-05-27,100
Nuwara Eliya,2026-05-28,100
Nuwara Eliya,2026-05-29,100
Nuwara Eliya,2026-05-30,68
Nuwara Eliya,2026-05-31,99
Nuwara Eliya,2026-06-01,57
Nuwara Eliya,2026-06-02,100
Nuwara Eliya,2026-06-03,100
Nuwara Eliya,2026-06-04,99
Nuwara Eliya,2026-06-05,68
Nuwara Eliya,2026-06-06,99
Nuwara Eliya,2026-06-07,97
Nuwara Eliya,2026-06-08,98
Nuwara Eliya,2026-06-09,100
Nuwara Eliya,2026-06-10,97
Nuwara Eliya,2026-06-11,72
Nuwara Eliya,2026-06-12,100
Nuwara Eliya,2026-06-13,100
Nuwara Eliya,2026-06-14,100
Nuwara Eliya,2026-06-15,100
Nuwara Eliya,2026-06-16,100
Nuwara Eliya,2026-06-17,97
Nuwara Eliya,2026-06-18,98
Nuwara Eliya,2026-06-19,46
Nuwara Eliya,2026-06-20,100
Nuwara Eliya,2026-06-21,98
Nuwara Eliya,2026-06-22,100
Nuwara Eliya,2026-06-23,97
Nuwara Eliya,2026-06-24,70
Nuwara Eliya,2026-06-25,100
Nuwara Eliya,2026-06-26,98
Nuwara Eliya,2026-06-27,99
Nuwara Eliya,2026-06-28,99
Badulla,2024-01-01,95
Badulla,2024-01-02,100
Badulla,2024-01-03,98
Badulla,2024-01-04,99
Badulla,2024-01-05,98
Badulla,2024-01-06,98
Badulla,2024-01-07,100
Badulla,2024-01-08,100
Badulla,2024-01-09,69
Badulla,2024-01-10,99
Badulla,2024-01-11,100
Badulla,2024-01-12,99
Badulla,2024-01-13,100
Badulla,2024-01-14,100
Badulla,2024-01-15,99
Badulla,2024-01-16,97
Badulla,2024-01-17,99
Badulla,2024-01-18,100
Badulla,2024-01-19,77
Badulla,2024-01-20,100
Badulla,2024-01-21,100
Badulla,2024-01-22,100
Badulla,2024-01-23,98
Badulla,2024-01-24,100
Badulla,2024-01-25,100
Badulla,2024-01-26,96
Badulla,2024-01-27,100
Badulla,2024-01-28,100
Badulla,2024-01-29,100
Badulla,2024-01-30,100
Badulla,2024-01-31,90
Badulla,2024-02-01,93
Badulla,2024-02-02,65
Badulla,2024-02-03,93
Badulla,2024-02-04,91
Badulla,2024-02-05,92
Badulla,2024-02-06,89
Badulla,2024-02-07,91
Badulla,2024-02-08,90
Badulla,2024-02-09,89
Badulla,2024-02-10,91
Badulla,2024-02-11,90
Badulla,2024-02-12,79
Badulla,2024-02-13,88
Badulla,2024-02-14,91
Badulla,2024-02-15,75
Badulla,2024-02-16,90
Badulla,2024-02-17,94
Badulla,2024-02-18,91
Badulla,2024-02-19,96
Badulla,2024-02-20,94
Badulla,2024-02-21,100
Badulla,2024-02-22,99
Badulla,2024-02-23,100
Badulla,2024-02-24,97
Badulla,2024-02-25,100
Badulla,2024-02-26,100
Badulla,2024-02-27,99
Badulla,2024-02-28,98
Badulla,2024-02-29,100
Badulla,2024-03-01,100
Badulla,2024-03-02,100
Badulla,2024-03-03,100
Badulla,2024-03-04,100
Badulla,2024-03-05,97
Badulla,2024-03-06,97
Badulla,2024-03-07,100
Badulla,2024-03-08,43
Badulla,2024-03-09,100
Badulla,2024-03-10,64
Badulla,2024-03-11,100
Badulla,2024-03-12,100
Badulla,2024-03-13,100
Badulla,2024-03-14,100
Badulla,2024-03-15,100
Badulla,2024-03-16,98
Badulla,2024-03-17,100
Badulla,2024-03-18,100
Badulla,2024-03-19,100
Badulla,2024-03-20,100
Badulla,2024-03-21,99
Badulla,2024-03-22,100
Badulla,2024-03-23,100
Badulla,2024-03-24,100
Badulla,2024-03-25,100
Badulla,2024-03-26,100
Badulla,2024-03-27,100
Badulla,2024-03-28,98
Badulla,2024-03-29,92
Badulla,2024-03-30,86
Badulla,2024-03-31,89
Badulla,2024-04-01,90
Badulla,2024-04-02,46
Badulla,2024-04-03,87
Badulla,2024-04-04,93
Badulla,2024-04-05,89
Badulla,2024-04-06,89
Badulla,2024-04-07,58
Badulla,2024-04-08,84
Badulla,2024-04-09,61
Badulla,2024-04-10,53
Badulla,2024-04-11,90
Badulla,2024-04-12,89
Badulla,2024-04-13,66
Badulla,2024-04-14,89
Badulla,2024-04-15,59
Badulla,2024-04-16,59
Badulla,2024-04-17,100
Badulla,2024-04-18,58
Badulla,2024-04-19,100
Badulla,2024-04-20,97
Badulla,2024-04-21,99
Badulla,2024-04-22,100
Badulla,2024-04-23,66
Badulla,2024-04-24,65
Badulla,2024-04-25,85
Badulla,2024-04-26,77
Badulla,2024-04-27,86
Badulla,2024-04-28,83
Badulla,2024-04-29,83
Badulla,2024-04-30,83
Badulla,2024-05-01,88
Badulla,2024-05-02,68
Badulla,2024-05-03,82
Badulla,2024-05-04,100
Badulla,2024-05-05,95
Badulla,2024-05-06,100
Badulla,2024-05-07,99
Badulla,2024-05-08,99
Badulla,2024-05-09,98
Badulla,2024-05-10,57
Badulla,2024-05-11,97
Badulla,2024-05-12,100
Badulla,2024-05-13,96
Badulla,2024-05-14,99
Badulla,2024-05-15,100
Badulla,2024-05-16,100
Badulla,2024-05-17,100
Badulla,2024-05-18,100
Badulla,2024-05-19,100
Badulla,2024-05-20,66
Badulla,2024-05-21,99
Badulla,2024-05-22,100
Badulla,2024-05-23,96
Badulla,2024-05-24,100
Badulla,2024-05-25,97
Badulla,2024-05-26,99
Badulla,2024-05-27,100
Badulla,2024-05-28,97
Badulla,2024-05-29,71
Badulla,2024-05-30,100
Badulla,2024-05-31,53
Badulla,2024-06-01,100
Badulla,2024-06-02,98
Badulla,2024-06-03,100
Badulla,2024-06-04,100
Badulla,2024-06-05,100
Badulla,2024-06-06,99
Badulla,2024-06-07,100
Badulla,2024-06-08,47
Badulla,2024-06-09,98
Badulla,2024-06-10,98
Badulla,2024-06-11,100
Badulla,2024-06-12,97
Badulla,2024-06-13,100
Badulla,2024-06-14,49
Badulla,2024-06-15,100
Badulla,2024-06-16,100
Badulla,2024-06-17,100
Badulla,2024-06-18,99
Badulla,2024-06-19,99
Badulla,2024-06-20,97
Badulla,2024-06-21,99
Badulla,2024-06-22,100
Badulla,2024-06-23,97
Badulla,2024-06-24,100
Badulla,2024-06-25,100
Badulla,2024-06-26,100
Badulla,2024-06-27,72
Badulla,2024-06-28,77
Badulla,2024-06-29,100
Badulla,2024-06-30,100
Badulla,2024-07-01,99
Badulla,2024-07-02,99
Badulla,2024-07-03,100
Badulla,2024-07-04,100
Badulla,2024-07-05,99
Badulla,2024-07-06,100
Badulla,2024-07-07,96
Badulla,2024-07-08,99
Badulla,2024-07-09,99
Badulla,2024-07-10,100
Badulla,2024-07-11,99
Badulla,2024-07-12,97
Badulla,2024-07-13,99
Badulla,2024-07-14,88
Badulla,2024-07-15,85
Badulla,2024-07-16,89
Badulla,2024-07-17,90
Badulla,2024-07-18,90
Badulla,2024-07-19,90
Badulla,2024-07-20,82
Badulla,2024-07-21,89
Badulla,2024-07-22,70
Badulla,2024-07-23,86
Badulla,2024-07-24,92
Badulla,2024-07-25,86
Badulla,2024-07-26,90
Badulla,2024-07-27,92
Badulla,2024-07-28,89
Badulla,2024-07-29,89
Badulla,2024-07-30,89
Badulla,2024-07-31,91
Badulla,2024-08-01,85
Badulla,2024-08-02,92
Badulla,2024-08-03,88
Badulla,2024-08-04,87
Badulla,2024-08-05,87
Badulla,2024-08-06,90
Badulla,2024-08-07,100
Badulla,2024-08-08,100
Badulla,2024-08-09,99
Badulla,2024-08-10,100
Badulla,2024-08-11,100
Badulla,2024-08-12,83
Badulla,2024-08-13,97
Badulla,2024-08-14,100
Badulla,2024-08-15,99
Badulla,2024-08-16,100
Badulla,2024-08-17,100
Badulla,2024-08-18,100
Badulla,2024-08-19,100
Badulla,2024-08-20,100
Badulla,2024-08-21,100
Badulla,2024-08-22,99
Badulla,2024-08-23,100
Badulla,2024-08-24,99
Badulla,2024-08-25,100
Badulla,2024-08-26,97
Badulla,2024-08-27,79
Badulla,2024-08-28,78
Badulla,2024-08-29,100
Badulla,2024-08-30,98
Badulla,2024-08-31,98
Badulla,2024-09-01,100
Badulla,2024-09-02,99
Badulla,2024-09-03,100
Badulla,2024-09-04,100
Badulla,2024-09-05,100
Badulla,2024-09-06,99
Badulla,2024-09-07,98
Badulla,2024-09-08,100
Badulla,2024-09-09,66
Badulla,2024-09-10,100
Badulla,2024-09-11,99
Badulla,2024-09-12,97
Badulla,2024-09-13,100
Badulla,2024-09-14,77
Badulla,2024-09-15,58
Badulla,2024-09-16,97
Badulla,2024-09-17,100
Badulla,2024-09-18,100
Badulla,2024-09-19,100
Badulla,2024-09-20,100
Badulla,2024-09-21,100
Badulla,2024-09-22,98
Badulla,2024-09-23,97
Badulla,2024-09-24,100
Badulla,2024-09-25,100
Badulla,2024-09-26,69
Badulla,2024-09-27,99
Badulla,2024-09-28,100
Badulla,2024-09-29,100
Badulla,2024-09-30,100
Badulla,2024-10-01,99
Badulla,2024-10-02,100
Badulla,2024-10-03,100
Badulla,2024-10-04,100
Badulla,2024-10-05,100
Badulla,2024-10-06,98
Badulla,2024-10-07,46
Badulla,2024-10-08,98
Badulla,2024-10-09,80
Badulla,2024-10-10,100
Badulla,2024-10-11,98
Badulla,2024-10-12,97
Badulla,2024-10-13,97
Badulla,2024-10-14,96
Badulla,2024-10-15,61
Badulla,2024-10-16,100
Badulla,2024-10-17,60
Badulla,2024-10-18,100
Badulla,2024-10-19,100
Badulla,2024-10-20,99
Badulla,2024-10-21,98
Badulla,2024-10-22,65
Badulla,2024-10-23,100
Badulla,2024-10-24,100
Badulla,2024-10-25,54
Badulla,2024-10-26,67
Badulla,2024-10-27,76
Badulla,2024-10-28,97
Badulla,2024-10-29,78
Badulla,2024-10-30,98
Badulla,2024-10-31,100
Badulla,2024-11-01,100
Badulla,2024-11-02,100
Badulla,2024-11-03,100
Badulla,2024-11-04,61
Badulla,2024-11-05,100
Badulla,2024-11-06,100
Badulla,2024-11-07,100
Badulla,2024-11-08,100
Badulla,2024-11-09,97
Badulla,2024-11-10,99
Badulla,2024-11-11,98
Badulla,2024-11-12,97
Badulla,2024-11-13,68
Badulla,2024-11-14,100
Badulla,2024-11-15,100
Badulla,2024-11-16,100
Badulla,2024-11-17,100
Badulla,2024-11-18,68
Badulla,2024-11-19,49
Badulla,2024-11-20,100
Badulla,2024-11-21,67
Badulla,2024-11-22,100
Badulla,2024-11-23,100
Badulla,2024-11-24,100
Badulla,2024-11-25,100
Badulla,2024-11-26,100
Badulla,2024-11-27,100
Badulla,2024-11-28,100
Badulla,2024-11-29,100
Badulla,2024-11-30,100
Badulla,2024-12-01,100
Badulla,2024-12-02,100
Badulla,2024-12-03,100
Badulla,2024-12-04,98
Badulla,2024-12-05,81
Badulla,2024-12-06,99
Badulla,2024-12-07,99
Badulla,2024-12-08,100
Badulla,2024-12-09,99
Badulla,2024-12-10,100
Badulla,2024-12-11,100
Badulla,2024-12-12,97
Badulla,2024-12-13,100
Badulla,2024-12-14,100
Badulla,2024-12-15,61
Badulla,2024-12-16,100
Badulla,2024-12-17,100
Badulla,2024-12-18,100
Badulla,2024-12-19,100
Badulla,2024-12-20,100
Badulla,2024-12-21,100
Badulla,2024-12-22,97
Badulla,2024-12-23,99
Badulla,2024-12-24,100
Badulla,2024-12-25,100
Badulla,2024-12-26,99
Badulla,2024-12-27,99
Badulla,2024-12-28,100
Badulla,2024-12-29,98
Badulla,2024-12-30,100
Badulla,2024-12-31,100
Badulla,2025-01-01,100
Badulla,2025-01-02,100
Badulla,2025-01-03,100
Badulla,2025-01-04,98
Badulla,2025-01-05,100
Badulla,2025-01-06,100
Badulla,2025-01-07,100
Badulla,2025-01-08,100
Badulla,2025-01-09,100
Badulla,2025-01-10,96
Badulla,2025-01-11,97
Badulla,2025-01-12,99
Badulla,2025-01-13,100
Badulla,2025-01-14,99
Badulla,2025-01-15,99
Badulla,2025-01-16,100
Badulla,2025-01-17,98
Badulla,2025-01-18,100
Badulla,2025-01-19,100
Badulla,2025-01-20,100
Badulla,2025-01-21,100
Badulla,2025-01-22,71
Badulla,2025-01-23,99
Badulla,2025-01-24,100
Badulla,2025-01-25,99
Badulla,2025-01-26,100
Badulla,2025-01-27,70
Badulla,2025-01-28,98
Badulla,2025-01-29,100
Badulla,2025-01-30,100
Badulla,2025-01-31,100
Badulla,2025-02-01,98
Badulla,2025-02-02,100
Badulla,2025-02-03,100
Badulla,2025-02-04,97
Badulla,2025-02-05,80
Badulla,2025-02-06,100
Badulla,2025-02-07,100
Badulla,2025-02-08,98
Badulla,2025-02-09,98
Badulla,2025-02-10,97
Badulla,2025-02-11,99
Badulla,2025-02-12,98
Badulla,2025-02-13,100
Badulla,2025-02-14,100
Badulla,2025-02-15,75
Badulla,2025-02-16,100
Badulla,2025-02-17,100
Badulla,2025-02-18,100
Badulla,2025-02-19,100
Badulla,2025-02-20,100
Badulla,2025-02-21,100
Badulla,2025-02-22,99
Badulla,2025-02-23,100
Badulla,2025-02-24,96
Badulla,2025-02-25,100
Badulla,2025-02-26,100
Badulla,2025-02-27,67
Badulla,2025-02-28,100
Badulla,2025-03-01,100
Badulla,2025-03-02,100
Badulla,2025-03-03,99
Badulla,2025-03-04,99
Badulla,2025-03-05,100
Badulla,2025-03-06,100
Badulla,2025-03-07,54
Badulla,2025-03-08,97
Badulla,2025-03-09,100
Badulla,2025-03-10,73
Badulla,2025-03-11,98
Badulla,2025-03-12,100
Badulla,2025-03-13,100
Badulla,2025-03-14,98
Badulla,2025-03-15,100
Badulla,2025-03-16,64
Badulla,2025-03-17,100
Badulla,2025-03-18,100
Badulla,2025-03-19,62
Badulla,2025-03-20,100
Badulla,2025-03-21,60
Badulla,2025-03-22,100
Badulla,2025-03-23,99
Badulla,2025-03-24,96
Badulla,2025-03-25,64
Badulla,2025-03-26,99
Badulla,2025-03-27,100
Badulla,2025-03-28,99
Badulla,2025-03-29,100
Badulla,2025-03-30,98
Badulla,2025-03-31,58
Badulla,2025-04-01,63
Badulla,2025-04-02,98
Badulla,2025-04-03,97
Badulla,2025-04-04,60
Badulla,2025-04-05,100
Badulla,2025-04-06,100
Badulla,2025-04-07,100
Badulla,2025-04-08,100
Badulla,2025-04-09,100
Badulla,2025-04-10,77
Badulla,2025-04-11,100
Badulla,2025-04-12,100
Badulla,2025-04-13,48
Badulla,2025-04-14,100
Badulla,2025-04-15,100
Badulla,2025-04-16,100
Badulla,2025-04-17,100
Badulla,2025-04-18,99
Badulla,2025-04-19,61
Badulla,2025-04-20,100
Badulla,2025-04-21,99
Badulla,2025-04-22,100
Badulla,2025-04-23,100
Badulla,2025-04-24,99
Badulla,2025-04-25,100
Badulla,2025-04-26,98
Badulla,2025-04-27,98
Badulla,2025-04-28,67
Badulla,2025-04-29,99
Badulla,2025-04-30,68
Badulla,2025-05-01,100
Badulla,2025-05-02,95
Badulla,2025-05-03,55
Badulla,2025-05-04,96
Badulla,2025-05-05,100
Badulla,2025-05-06,71
Badulla,2025-05-07,58
Badulla,2025-05-08,97
Badulla,2025-05-09,100
Badulla,2025-05-10,100
Badulla,2025-05-11,99
Badulla,2025-05-12,100
Badulla,2025-05-13,99
Badulla,2025-05-14,100
Badulla,2025-05-15,100
Badulla,2025-05-16,100
Badulla,2025-05-17,97
Badulla,2025-05-18,100
Badulla,2025-05-19,59
Badulla,2025-05-20,100
Badulla,2025-05-21,98
Badulla,2025-05-22,100
Badulla,2025-05-23,58
Badulla,2025-05-24,100
Badulla,2025-05-25,100
Badulla,2025-05-26,100
Badulla,2025-05-27,99
Badulla,2025-05-28,100
Badulla,2025-05-29,100
Badulla,2025-05-30,52
Badulla,2025-05-31,99
Badulla,2025-06-01,77
Badulla,2025-06-02,99
Badulla,2025-06-03,100
Badulla,2025-06-04,67
Badulla,2025-06-05,97
Badulla,2025-06-06,100
Badulla,2025-06-07,99
Badulla,2025-06-08,100
Badulla,2025-06-09,100
Badulla,2025-06-10,100
Badulla,2025-06-11,100
Badulla,2025-06-12,99
Badulla,2025-06-13,99
Badulla,2025-06-14,100
Badulla,2025-06-15,99
Badulla,2025-06-16,99
Badulla,2025-06-17,100
Badulla,2025-06-18,98
Badulla,2025-06-19,100
Badulla,2025-06-20,98
Badulla,2025-06-21,58
Badulla,2025-06-22,99
Badulla,2025-06-23,98
Badulla,2025-06-24,100
Badulla,2025-06-25,67
Badulla,2025-06-26,99
Badulla,2025-06-27,99
Badulla,2025-06-28,100
Badulla,2025-06-29,100
Badulla,2025-06-30,100
Badulla,2025-07-01,100
Badulla,2025-07-02,100
Badulla,2025-07-03,100
Badulla,2025-07-04,100
Badulla,2025-07-05,99
Badulla,2025-07-06,100
Badulla,2025-07-07,99
Badulla,2025-07-08,99
Badulla,2025-07-09,100
Badulla,2025-07-10,100
Badulla,2025-07-11,99
Badulla,2025-07-12,100
Badulla,2025-07-13,99
Badulla,2025-07-14,100
Badulla,2025-07-15,100
Badulla,2025-07-16,97
Badulla,2025-07-17,97
Badulla,2025-07-18,61
Badulla,2025-07-19,100
Badulla,2025-07-20,98
Badulla,2025-07-21,100
Badulla,2025-07-22,99
Badulla,2025-07-23,78
Badulla,2025-07-24,100
Badulla,2025-07-25,71
Badulla,2025-07-26,97
Badulla,2025-07-27,100
Badulla,2025-07-28,99
Badulla,2025-07-29,100
Badulla,2025-07-30,95
Badulla,2025-07-31,98
Badulla,2025-08-01,99
Badulla,2025-08-02,72
Badulla,2025-08-03,98
Badulla,2025-08-04,100
Badulla,2025-08-05,100
Badulla,2025-08-06,98
Badulla,2025-08-07,100
Badulla,2025-08-08,98
Badulla,2025-08-09,100
Badulla,2025-08-10,100
Badulla,2025-08-11,97
Badulla,2025-08-12,98
Badulla,2025-08-13,98
Badulla,2025-08-14,100
Badulla,2025-08-15,100
Badulla,2025-08-16,100
Badulla,2025-08-17,97
Badulla,2025-08-18,98
Badulla,2025-08-19,100
Badulla,2025-08-20,97
Badulla,2025-08-21,96
Badulla,2025-08-22,97
Badulla,2025-08-23,100
Badulla,2025-08-24,100
Badulla,2025-08-25,100
Badulla,2025-08-26,100
Badulla,2025-08-27,100
Badulla,2025-08-28,99
Badulla,2025-08-29,100
Badulla,2025-08-30,100
Badulla,2025-08-31,100
Badulla,2025-09-01,100
Badulla,2025-09-02,100
Badulla,2025-09-03,100
Badulla,2025-09-04,94
Badulla,2025-09-05,100
Badulla,2025-09-06,100
Badulla,2025-09-07,97
Badulla,2025-09-08,99
Badulla,2025-09-09,100
Badulla,2025-09-10,65
Badulla,2025-09-11,100
Badulla,2025-09-12,96
Badulla,2025-09-13,100
Badulla,2025-09-14,100
Badulla,2025-09-15,99
Badulla,2025-09-16,98
Badulla,2025-09-17,99
Badulla,2025-09-18,99
Badulla,2025-09-19,79
Badulla,2025-09-20,97
Badulla,2025-09-21,100
Badulla,2025-09-22,100
Badulla,2025-09-23,58
Badulla,2025-09-24,100
Badulla,2025-09-25,100
Badulla,2025-09-26,100
Badulla,2025-09-27,97
Badulla,2025-09-28,66
Badulla,2025-09-29,100
Badulla,2025-09-30,100
Badulla,2025-10-01,100
Badulla,2025-10-02,99
Badulla,2025-10-03,100
Badulla,2025-10-04,100
Badulla,2025-10-05,40
Badulla,2025-10-06,100
Badulla,2025-10-07,59
Badulla,2025-10-08,100
Badulla,2025-10-09,100
Badulla,2025-10-10,100
Badulla,2025-10-11,96
Badulla,2025-10-12,100
Badulla,2025-10-13,100
Badulla,2025-10-14,100
Badulla,2025-10-15,99
Badulla,2025-10-16,64
Badulla,2025-10-17,100
Badulla,2025-10-18,100
Badulla,2025-10-19,100
Badulla,2025-10-20,72
Badulla,2025-10-21,100
Badulla,2025-10-22,100
Badulla,2025-10-23,99
Badulla,2025-10-24,55
Badulla,2025-10-25,67
Badulla,2025-10-26,100
Badulla,2025-10-27,59
Badulla,2025-10-28,100
Badulla,2025-10-29,99
Badulla,2025-10-30,100
Badulla,2025-10-31,97
Badulla,2025-11-01,100
Badulla,2025-11-02,100
Badulla,2025-11-03,100
Badulla,2025-11-04,97
Badulla,2025-11-05,99
Badulla,2025-11-06,99
Badulla,2025-11-07,100
Badulla,2025-11-08,72
Badulla,2025-11-09,100
Badulla,2025-11-10,100
Badulla,2025-11-11,100
Badulla,2025-11-12,58
Badulla,2025-11-13,60
Badulla,2025-11-14,99
Badulla,2025-11-15,100
Badulla,2025-11-16,99
Badulla,2025-11-17,96
Badulla,2025-11-18,99
Badulla,2025-11-19,67
Badulla,2025-11-20,100
Badulla,2025-11-21,74
Badulla,2025-11-22,99
Badulla,2025-11-23,99
Badulla,2025-11-24,44
Badulla,2025-11-25,97
Badulla,2025-11-26,100
Badulla,2025-11-27,57
Badulla,2025-11-28,98
Badulla,2025-11-29,100
Badulla,2025-11-30,100
Badulla,2025-12-01,99
Badulla,2025-12-02,100
Badulla,2025-12-03,100
Badulla,2025-12-04,99
Badulla,2025-12-05,100
Badulla,2025-12-06,100
Badulla,2025-12-07,100
Badulla,2025-12-08,100
Badulla,2025-12-09,100
Badulla,2025-12-10,100
Badulla,2025-12-11,100
Badulla,2025-12-12,100
Badulla,2025-12-13,98
Badulla,2025-12-14,100
Badulla,2025-12-15,100
Badulla,2025-12-16,100
Badulla,2025-12-17,100
Badulla,2025-12-18,98
Badulla,2025-12-19,98
Badulla,2025-12-20,100
Badulla,2025-12-21,98
Badulla,2025-12-22,100
Badulla,2025-12-23,100
Badulla,2025-12-24,98
Badulla,2025-12-25,57
Badulla,2025-12-26,98
Badulla,2025-12-27,100
Badulla,2025-12-28,79
Badulla,2025-12-29,100
Badulla,2025-12-30,100
Badulla,2025-12-31,99
Badulla,2026-01-01,69
Badulla,2026-01-02,100
Badulla,2026-01-03,100
Badulla,2026-01-04,67
Badulla,2026-01-05,100
Badulla,2026-01-06,99
Badulla,2026-01-07,100
Badulla,2026-01-08,61
Badulla,2026-01-09,99
Badulla,2026-01-10,97
Badulla,2026-01-11,100
Badulla,2026-01-12,99
Badulla,2026-01-13,100
Badulla,2026-01-14,82
Badulla,2026-01-15,100
Badulla,2026-01-16,97
Badulla,2026-01-17,100
Badulla,2026-01-18,97
Badulla,2026-01-19,97
Badulla,2026-01-20,99
Badulla,2026-01-21,100
Badulla,2026-01-22,84
Badulla,2026-01-23,86
Badulla,2026-01-24,82
Badulla,2026-01-25,85
Badulla,2026-01-26,84
Badulla,2026-01-27,84
Badulla,2026-01-28,83
Badulla,2026-01-29,84
Badulla,2026-01-30,84
Badulla,2026-01-31,82
Badulla,2026-02-01,82
Badulla,2026-02-02,86
Badulla,2026-02-03,67
Badulla,2026-02-04,80
Badulla,2026-02-05,86
Badulla,2026-02-06,83
Badulla,2026-02-07,85
Badulla,2026-02-08,85
Badulla,2026-02-09,82
Badulla,2026-02-10,83
Badulla,2026-02-11,82
Badulla,2026-02-12,84
Badulla,2026-02-13,70
Badulla,2026-02-14,86
Badulla,2026-02-15,92
Badulla,2026-02-16,89
Badulla,2026-02-17,90
Badulla,2026-02-18,91
Badulla,2026-02-19,90
Badulla,2026-02-20,90
Badulla,2026-02-21,87
Badulla,2026-02-22,94
Badulla,2026-02-23,92
Badulla,2026-02-24,89
Badulla,2026-02-25,90
Badulla,2026-02-26,72
Badulla,2026-02-27,99
Badulla,2026-02-28,97
Badulla,2026-03-01,99
Badulla,2026-03-02,100
Badulla,2026-03-03,98
Badulla,2026-03-04,99
Badulla,2026-03-05,62
Badulla,2026-03-06,97
Badulla,2026-03-07,99
Badulla,2026-03-08,100
Badulla,2026-03-09,99
Badulla,2026-03-10,100
Badulla,2026-03-11,99
Badulla,2026-03-12,100
Badulla,2026-03-13,100
Badulla,2026-03-14,100
Badulla,2026-03-15,98
Badulla,2026-03-16,100
Badulla,2026-03-17,100
Badulla,2026-03-18,100
Badulla,2026-03-19,98
Badulla,2026-03-20,100
Badulla,2026-03-21,97
Badulla,2026-03-22,87
Badulla,2026-03-23,91
Badulla,2026-03-24,53
Badulla,2026-03-25,90
Badulla,2026-03-26,89
Badulla,2026-03-27,77
Badulla,2026-03-28,44
Badulla,2026-03-29,87
Badulla,2026-03-30,90
Badulla,2026-03-31,91
Badulla,2026-04-01,58
Badulla,2026-04-02,91
Badulla,2026-04-03,90
Badulla,2026-04-04,92
Badulla,2026-04-05,87
Badulla,2026-04-06,90
Badulla,2026-04-07,100
Badulla,2026-04-08,100
Badulla,2026-04-09,100
Badulla,2026-04-10,100
Badulla,2026-04-11,100
Badulla,2026-04-12,100
Badulla,2026-04-13,99
Badulla,2026-04-14,100
Badulla,2026-04-15,57
Badulla,2026-04-16,50
Badulla,2026-04-17,100
Badulla,2026-04-18,99
Badulla,2026-04-19,62
Badulla,2026-04-20,100
Badulla,2026-04-21,100
Badulla,2026-04-22,45
Badulla,2026-04-23,69
Badulla,2026-04-24,100
Badulla,2026-04-25,100
Badulla,2026-04-26,97
Badulla,2026-04-27,100
Badulla,2026-04-28,99
Badulla,2026-04-29,100
Badulla,2026-04-30,100
Badulla,2026-05-01,100
Badulla,2026-05-02,98
Badulla,2026-05-03,67
Badulla,2026-05-04,98
Badulla,2026-05-05,100
Badulla,2026-05-06,100
Badulla,2026-05-07,97
Badulla,2026-05-08,100
Badulla,2026-05-09,100
Badulla,2026-05-10,100
Badulla,2026-05-11,69
Badulla,2026-05-12,56
Badulla,2026-05-13,98
Badulla,2026-05-14,99
Badulla,2026-05-15,99
Badulla,2026-05-16,100
Badulla,2026-05-17,100
Badulla,2026-05-18,100
Badulla,2026-05-19,98
Badulla,2026-05-20,100
Badulla,2026-05-21,95
Badulla,2026-05-22,71
Badulla,2026-05-23,55
Badulla,2026-05-24,91
Badulla,2026-05-25,90
Badulla,2026-05-26,93
Badulla,2026-05-27,92
Badulla,2026-05-28,83
Badulla,2026-05-29,85
Badulla,2026-05-30,83
Badulla,2026-05-31,48
Badulla,2026-06-01,83
Badulla,2026-06-02,69
Badulla,2026-06-03,87
Badulla,2026-06-04,88
Badulla,2026-06-05,63
Badulla,2026-06-06,77
Badulla,2026-06-07,88
Badulla,2026-06-08,85
Badulla,2026-06-09,87
Badulla,2026-06-10,93
Badulla,2026-06-11,90
Badulla,2026-06-12,51
Badulla,2026-06-13,93
Badulla,2026-06-14,63
Badulla,2026-06-15,94
Badulla,2026-06-16,90
Badulla,2026-06-17,91
Badulla,2026-06-18,98
Badulla,2026-06-19,100
Badulla,2026-06-20,97
Badulla,2026-06-21,100
Badulla,2026-06-22,97
Badulla,2026-06-23,98
Badulla,2026-06-24,100
Badulla,2026-06-25,75
Badulla,2026-06-26,100
Badulla,2026-06-27,52
Badulla,2026-06-28,100
Kegalle,2024-01-01,100
Kegalle,2024-01-02,100
Kegalle,2024-01-03,99
Kegalle,2024-01-04,100
Kegalle,2024-01-05,100
Kegalle,2024-01-06,70
Kegalle,2024-01-07,98
Kegalle,2024-01-08,99
Kegalle,2024-01-09,100
Kegalle,2024-01-10,99
Kegalle,2024-01-11,75
Kegalle,2024-01-12,100
Kegalle,2024-01-13,100
Kegalle,2024-01-14,62
Kegalle,2024-01-15,68
Kegalle,2024-01-16,60
Kegalle,2024-01-17,99
Kegalle,2024-01-18,99
Kegalle,2024-01-19,100
Kegalle,2024-01-20,75
Kegalle,2024-01-21,100
Kegalle,2024-01-22,100
Kegalle,2024-01-23,99
Kegalle,2024-01-24,100
Kegalle,2024-01-25,100
Kegalle,2024-01-26,100
Kegalle,2024-01-27,100
Kegalle,2024-01-28,100
Kegalle,2024-01-29,79
Kegalle,2024-01-30,100
Kegalle,2024-01-31,97
Kegalle,2024-02-01,100
Kegalle,2024-02-02,99
Kegalle,2024-02-03,98
Kegalle,2024-02-04,99
Kegalle,2024-02-05,98
Kegalle,2024-02-06,97
Kegalle,2024-02-07,100
Kegalle,2024-02-08,97
Kegalle,2024-02-09,100
Kegalle,2024-02-10,100
Kegalle,2024-02-11,99
Kegalle,2024-02-12,100
Kegalle,2024-02-13,99
Kegalle,2024-02-14,100
Kegalle,2024-02-15,100
Kegalle,2024-02-16,64
Kegalle,2024-02-17,100
Kegalle,2024-02-18,99
Kegalle,2024-02-19,100
Kegalle,2024-02-20,64
Kegalle,2024-02-21,99
Kegalle,2024-02-22,69
Kegalle,2024-02-23,63
Kegalle,2024-02-24,70
Kegalle,2024-02-25,99
Kegalle,2024-02-26,99
Kegalle,2024-02-27,100
Kegalle,2024-02-28,70
Kegalle,2024-02-29,99
Kegalle,2024-03-01,96
Kegalle,2024-03-02,100
Kegalle,2024-03-03,100
Kegalle,2024-03-04,100
Kegalle,2024-03-05,100
Kegalle,2024-03-06,100
Kegalle,2024-03-07,65
Kegalle,2024-03-08,61
Kegalle,2024-03-09,98
Kegalle,2024-03-10,100
Kegalle,2024-03-11,99
Kegalle,2024-03-12,98
Kegalle,2024-03-13,99
Kegalle,2024-03-14,98
Kegalle,2024-03-15,100
Kegalle,2024-03-16,97
Kegalle,2024-03-17,99
Kegalle,2024-03-18,100
Kegalle,2024-03-19,99
Kegalle,2024-03-20,100
Kegalle,2024-03-21,100
Kegalle,2024-03-22,57
Kegalle,2024-03-23,100
Kegalle,2024-03-24,74
Kegalle,2024-03-25,100
Kegalle,2024-03-26,98
Kegalle,2024-03-27,49
Kegalle,2024-03-28,100
Kegalle,2024-03-29,100
Kegalle,2024-03-30,57
Kegalle,2024-03-31,55
Kegalle,2024-04-01,100
Kegalle,2024-04-02,97
Kegalle,2024-04-03,98
Kegalle,2024-04-04,100
Kegalle,2024-04-05,100
Kegalle,2024-04-06,99
Kegalle,2024-04-07,71
Kegalle,2024-04-08,100
Kegalle,2024-04-09,100
Kegalle,2024-04-10,100
Kegalle,2024-04-11,99
Kegalle,2024-04-12,100
Kegalle,2024-04-13,99
Kegalle,2024-04-14,100
Kegalle,2024-04-15,96
Kegalle,2024-04-16,100
Kegalle,2024-04-17,100
Kegalle,2024-04-18,98
Kegalle,2024-04-19,66
Kegalle,2024-04-20,77
Kegalle,2024-04-21,100
Kegalle,2024-04-22,100
Kegalle,2024-04-23,100
Kegalle,2024-04-24,96
Kegalle,2024-04-25,88
Kegalle,2024-04-26,89
Kegalle,2024-04-27,91
Kegalle,2024-04-28,88
Kegalle,2024-04-29,88
Kegalle,2024-04-30,94
Kegalle,2024-05-01,90
Kegalle,2024-05-02,71
Kegalle,2024-05-03,88
Kegalle,2024-05-04,90
Kegalle,2024-05-05,89
Kegalle,2024-05-06,90
Kegalle,2024-05-07,88
Kegalle,2024-05-08,92
Kegalle,2024-05-09,90
Kegalle,2024-05-10,93
Kegalle,2024-05-11,91
Kegalle,2024-05-12,60
Kegalle,2024-05-13,88
Kegalle,2024-05-14,91
Kegalle,2024-05-15,45
Kegalle,2024-05-16,92
Kegalle,2024-05-17,90
Kegalle,2024-05-18,95
Kegalle,2024-05-19,59
Kegalle,2024-05-20,92
Kegalle,2024-05-21,62
Kegalle,2024-05-22,65
Kegalle,2024-05-23,91
Kegalle,2024-05-24,90
Kegalle,2024-05-25,94
Kegalle,2024-05-26,56
Kegalle,2024-05-27,92
Kegalle,2024-05-28,91
Kegalle,2024-05-29,87
Kegalle,2024-05-30,92
Kegalle,2024-05-31,90
Kegalle,2024-06-01,69
Kegalle,2024-06-02,100
Kegalle,2024-06-03,100
Kegalle,2024-06-04,95
Kegalle,2024-06-05,99
Kegalle,2024-06-06,99
Kegalle,2024-06-07,100
Kegalle,2024-06-08,60
Kegalle,2024-06-09,100
Kegalle,2024-06-10,100
Kegalle,2024-06-11,98
Kegalle,2024-06-12,64
Kegalle,2024-06-13,65
Kegalle,2024-06-14,97
Kegalle,2024-06-15,62
Kegalle,2024-06-16,100
Kegalle,2024-06-17,100
Kegalle,2024-06-18,98
Kegalle,2024-06-19,41
Kegalle,2024-06-20,99
Kegalle,2024-06-21,100
Kegalle,2024-06-22,100
Kegalle,2024-06-23,100
Kegalle,2024-06-24,100
Kegalle,2024-06-25,100
Kegalle,2024-06-26,53
Kegalle,2024-06-27,100
Kegalle,2024-06-28,100
Kegalle,2024-06-29,100
Kegalle,2024-06-30,100
Kegalle,2024-07-01,80
Kegalle,2024-07-02,68
Kegalle,2024-07-03,100
Kegalle,2024-07-04,98
Kegalle,2024-07-05,100
Kegalle,2024-07-06,100
Kegalle,2024-07-07,100
Kegalle,2024-07-08,100
Kegalle,2024-07-09,81
Kegalle,2024-07-10,100
Kegalle,2024-07-11,97
Kegalle,2024-07-12,100
Kegalle,2024-07-13,100
Kegalle,2024-07-14,98
Kegalle,2024-07-15,99
Kegalle,2024-07-16,100
Kegalle,2024-07-17,100
Kegalle,2024-07-18,100
Kegalle,2024-07-19,100
Kegalle,2024-07-20,96
Kegalle,2024-07-21,100
Kegalle,2024-07-22,100
Kegalle,2024-07-23,99
Kegalle,2024-07-24,98
Kegalle,2024-07-25,100
Kegalle,2024-07-26,100
Kegalle,2024-07-27,64
Kegalle,2024-07-28,84
Kegalle,2024-07-29,83
Kegalle,2024-07-30,86
Kegalle,2024-07-31,87
Kegalle,2024-08-01,83
Kegalle,2024-08-02,84
Kegalle,2024-08-03,85
Kegalle,2024-08-04,66
Kegalle,2024-08-05,80
Kegalle,2024-08-06,88
Kegalle,2024-08-07,85
Kegalle,2024-08-08,85
Kegalle,2024-08-09,67
Kegalle,2024-08-10,85
Kegalle,2024-08-11,86
Kegalle,2024-08-12,86
Kegalle,2024-08-13,83
Kegalle,2024-08-14,84
Kegalle,2024-08-15,84
Kegalle,2024-08-16,86
Kegalle,2024-08-17,84
Kegalle,2024-08-18,86
Kegalle,2024-08-19,84
Kegalle,2024-08-20,83
Kegalle,2024-08-21,85
Kegalle,2024-08-22,83
Kegalle,2024-08-23,100
Kegalle,2024-08-24,98
Kegalle,2024-08-25,98
Kegalle,2024-08-26,98
Kegalle,2024-08-27,100
Kegalle,2024-08-28,100
Kegalle,2024-08-29,99
Kegalle,2024-08-30,100
Kegalle,2024-08-31,99
Kegalle,2024-09-01,100
Kegalle,2024-09-02,100
Kegalle,2024-09-03,81
Kegalle,2024-09-04,100
Kegalle,2024-09-05,100
Kegalle,2024-09-06,100
Kegalle,2024-09-07,99
Kegalle,2024-09-08,100
Kegalle,2024-09-09,100
Kegalle,2024-09-10,100
Kegalle,2024-09-11,100
Kegalle,2024-09-12,100
Kegalle,2024-09-13,100
Kegalle,2024-09-14,100
Kegalle,2024-09-15,99
Kegalle,2024-09-16,100
Kegalle,2024-09-17,97
Kegalle,2024-09-18,100
Kegalle,2024-09-19,99
Kegalle,2024-09-20,98
Kegalle,2024-09-21,100
Kegalle,2024-09-22,97
Kegalle,2024-09-23,100
Kegalle,2024-09-24,100
Kegalle,2024-09-25,99
Kegalle,2024-09-26,100
Kegalle,2024-09-27,55
Kegalle,2024-09-28,99
Kegalle,2024-09-29,99
Kegalle,2024-09-30,99
Kegalle,2024-10-01,100
Kegalle,2024-10-02,100
Kegalle,2024-10-03,98
Kegalle,2024-10-04,99
Kegalle,2024-10-05,100
Kegalle,2024-10-06,100
Kegalle,2024-10-07,84
Kegalle,2024-10-08,63
Kegalle,2024-10-09,83
Kegalle,2024-10-10,79
Kegalle,2024-10-11,82
Kegalle,2024-10-12,63
Kegalle,2024-10-13,86
Kegalle,2024-10-14,82
Kegalle,2024-10-15,80
Kegalle,2024-10-16,85
Kegalle,2024-10-17,84
Kegalle,2024-10-18,80
Kegalle,2024-10-19,82
Kegalle,2024-10-20,67
Kegalle,2024-10-21,80
Kegalle,2024-10-22,81
Kegalle,2024-10-23,100
Kegalle,2024-10-24,100
Kegalle,2024-10-25,96
Kegalle,2024-10-26,99
Kegalle,2024-10-27,99
Kegalle,2024-10-28,98
Kegalle,2024-10-29,100
Kegalle,2024-10-30,100
Kegalle,2024-10-31,100
Kegalle,2024-11-01,81
Kegalle,2024-11-02,99
Kegalle,2024-11-03,100
Kegalle,2024-11-04,49
Kegalle,2024-11-05,75
Kegalle,2024-11-06,67
Kegalle,2024-11-07,59
Kegalle,2024-11-08,100
Kegalle,2024-11-09,100
Kegalle,2024-11-10,100
Kegalle,2024-11-11,100
Kegalle,2024-11-12,99
Kegalle,2024-11-13,99
Kegalle,2024-11-14,100
Kegalle,2024-11-15,47
Kegalle,2024-11-16,100
Kegalle,2024-11-17,99
Kegalle,2024-11-18,100
Kegalle,2024-11-19,100
Kegalle,2024-11-20,100
Kegalle,2024-11-21,98
Kegalle,2024-11-22,60
Kegalle,2024-11-23,100
Kegalle,2024-11-24,50
Kegalle,2024-11-25,100
Kegalle,2024-11-26,65
Kegalle,2024-11-27,100
Kegalle,2024-11-28,43
Kegalle,2024-11-29,100
Kegalle,2024-11-30,100
Kegalle,2024-12-01,99
Kegalle,2024-12-02,100
Kegalle,2024-12-03,100
Kegalle,2024-12-04,97
Kegalle,2024-12-05,100
Kegalle,2024-12-06,67
Kegalle,2024-12-07,100
Kegalle,2024-12-08,98
Kegalle,2024-12-09,98
Kegalle,2024-12-10,100
Kegalle,2024-12-11,99
Kegalle,2024-12-12,100
Kegalle,2024-12-13,99
Kegalle,2024-12-14,100
Kegalle,2024-12-15,97
Kegalle,2024-12-16,71
Kegalle,2024-12-17,100
Kegalle,2024-12-18,99
Kegalle,2024-12-19,94
Kegalle,2024-12-20,99
Kegalle,2024-12-21,66
Kegalle,2024-12-22,100
Kegalle,2024-12-23,100
Kegalle,2024-12-24,99
Kegalle,2024-12-25,99
Kegalle,2024-12-26,64
Kegalle,2024-12-27,100
Kegalle,2024-12-28,96
Kegalle,2024-12-29,100
Kegalle,2024-12-30,99
Kegalle,2024-12-31,98
Kegalle,2025-01-01,98
Kegalle,2025-01-02,100
Kegalle,2025-01-03,98
Kegalle,2025-01-04,100
Kegalle,2025-01-05,97
Kegalle,2025-01-06,100
Kegalle,2025-01-07,99
Kegalle,2025-01-08,100
Kegalle,2025-01-09,100
Kegalle,2025-01-10,96
Kegalle,2025-01-11,78
Kegalle,2025-01-12,100
Kegalle,2025-01-13,94
Kegalle,2025-01-14,100
Kegalle,2025-01-15,100
Kegalle,2025-01-16,98
Kegalle,2025-01-17,99
Kegalle,2025-01-18,100
Kegalle,2025-01-19,100
Kegalle,2025-01-20,100
Kegalle,2025-01-21,100
Kegalle,2025-01-22,100
Kegalle,2025-01-23,99
Kegalle,2025-01-24,100
Kegalle,2025-01-25,100
Kegalle,2025-01-26,65
Kegalle,2025-01-27,100
Kegalle,2025-01-28,97
Kegalle,2025-01-29,96
Kegalle,2025-01-30,100
Kegalle,2025-01-31,100
Kegalle,2025-02-01,100
Kegalle,2025-02-02,100
Kegalle,2025-02-03,96
Kegalle,2025-02-04,100
Kegalle,2025-02-05,100
Kegalle,2025-02-06,99
Kegalle,2025-02-07,95
Kegalle,2025-02-08,97
Kegalle,2025-02-09,100
Kegalle,2025-02-10,100
Kegalle,2025-02-11,100
Kegalle,2025-02-12,99
Kegalle,2025-02-13,100
Kegalle,2025-02-14,100
Kegalle,2025-02-15,99
Kegalle,2025-02-16,100
Kegalle,2025-02-17,60
Kegalle,2025-02-18,100
Kegalle,2025-02-19,100
Kegalle,2025-02-20,100
Kegalle,2025-02-21,100
Kegalle,2025-02-22,98
Kegalle,2025-02-23,78
Kegalle,2025-02-24,98
Kegalle,2025-02-25,68
Kegalle,2025-02-26,100
Kegalle,2025-02-27,69
Kegalle,2025-02-28,98
Kegalle,2025-03-01,99
Kegalle,2025-03-02,97
Kegalle,2025-03-03,100
Kegalle,2025-03-04,100
Kegalle,2025-03-05,100
Kegalle,2025-03-06,98
Kegalle,2025-03-07,95
Kegalle,2025-03-08,100
Kegalle,2025-03-09,98
Kegalle,2025-03-10,100
Kegalle,2025-03-11,100
Kegalle,2025-03-12,100
Kegalle,2025-03-13,97
Kegalle,2025-03-14,98
Kegalle,2025-03-15,76
Kegalle,2025-03-16,100
Kegalle,2025-03-17,100
Kegalle,2025-03-18,99
Kegalle,2025-03-19,97
Kegalle,2025-03-20,100
Kegalle,2025-03-21,100
Kegalle,2025-03-22,97
Kegalle,2025-03-23,99
Kegalle,2025-03-24,100
Kegalle,2025-03-25,100
Kegalle,2025-03-26,98
Kegalle,2025-03-27,100
Kegalle,2025-03-28,99
Kegalle,2025-03-29,100
Kegalle,2025-03-30,100
Kegalle,2025-03-31,100
Kegalle,2025-04-01,100
Kegalle,2025-04-02,99
Kegalle,2025-04-03,100
Kegalle,2025-04-04,97
Kegalle,2025-04-05,100
Kegalle,2025-04-06,97
Kegalle,2025-04-07,95
Kegalle,2025-04-08,100
Kegalle,2025-04-09,97
Kegalle,2025-04-10,97
Kegalle,2025-04-11,100
Kegalle,2025-04-12,97
Kegalle,2025-04-13,48
Kegalle,2025-04-14,100
Kegalle,2025-04-15,100
Kegalle,2025-04-16,100
Kegalle,2025-04-17,98
Kegalle,2025-04-18,99
Kegalle,2025-04-19,99
Kegalle,2025-04-20,100
Kegalle,2025-04-21,98
Kegalle,2025-04-22,59
Kegalle,2025-04-23,96
Kegalle,2025-04-24,99
Kegalle,2025-04-25,96
Kegalle,2025-04-26,98
Kegalle,2025-04-27,55
Kegalle,2025-04-28,74
Kegalle,2025-04-29,100
Kegalle,2025-04-30,98
Kegalle,2025-05-01,99
Kegalle,2025-05-02,100
Kegalle,2025-05-03,98
Kegalle,2025-05-04,99
Kegalle,2025-05-05,100
Kegalle,2025-05-06,97
Kegalle,2025-05-07,53
Kegalle,2025-05-08,100
Kegalle,2025-05-09,62
Kegalle,2025-05-10,99
Kegalle,2025-05-11,97
Kegalle,2025-05-12,64
Kegalle,2025-05-13,99
Kegalle,2025-05-14,97
Kegalle,2025-05-15,97
Kegalle,2025-05-16,100
Kegalle,2025-05-17,97
Kegalle,2025-05-18,99
Kegalle,2025-05-19,100
Kegalle,2025-05-20,100
Kegalle,2025-05-21,98
Kegalle,2025-05-22,100
Kegalle,2025-05-23,99
Kegalle,2025-05-24,100
Kegalle,2025-05-25,100
Kegalle,2025-05-26,100
Kegalle,2025-05-27,97
Kegalle,2025-05-28,64
Kegalle,2025-05-29,99
Kegalle,2025-05-30,100
Kegalle,2025-05-31,100
Kegalle,2025-06-01,100
Kegalle,2025-06-02,99
Kegalle,2025-06-03,100
Kegalle,2025-06-04,64
Kegalle,2025-06-05,46
Kegalle,2025-06-06,99
Kegalle,2025-06-07,100
Kegalle,2025-06-08,100
Kegalle,2025-06-09,100
Kegalle,2025-06-10,100
Kegalle,2025-06-11,99
Kegalle,2025-06-12,100
Kegalle,2025-06-13,100
Kegalle,2025-06-14,98
Kegalle,2025-06-15,43
Kegalle,2025-06-16,100
Kegalle,2025-06-17,98
Kegalle,2025-06-18,100
Kegalle,2025-06-19,72
Kegalle,2025-06-20,100
Kegalle,2025-06-21,99
Kegalle,2025-06-22,99
Kegalle,2025-06-23,100
Kegalle,2025-06-24,100
Kegalle,2025-06-25,100
Kegalle,2025-06-26,100
Kegalle,2025-06-27,98
Kegalle,2025-06-28,48
Kegalle,2025-06-29,99
Kegalle,2025-06-30,100
Kegalle,2025-07-01,99
Kegalle,2025-07-02,59
Kegalle,2025-07-03,97
Kegalle,2025-07-04,100
Kegalle,2025-07-05,100
Kegalle,2025-07-06,100
Kegalle,2025-07-07,100
Kegalle,2025-07-08,98
Kegalle,2025-07-09,100
Kegalle,2025-07-10,100
Kegalle,2025-07-11,100
Kegalle,2025-07-12,100
Kegalle,2025-07-13,97
Kegalle,2025-07-14,100
Kegalle,2025-07-15,84
Kegalle,2025-07-16,83
Kegalle,2025-07-17,83
Kegalle,2025-07-18,85
Kegalle,2025-07-19,84
Kegalle,2025-07-20,81
Kegalle,2025-07-21,86
Kegalle,2025-07-22,84
Kegalle,2025-07-23,83
Kegalle,2025-07-24,85
Kegalle,2025-07-25,99
Kegalle,2025-07-26,97
Kegalle,2025-07-27,99
Kegalle,2025-07-28,100
Kegalle,2025-07-29,98
Kegalle,2025-07-30,100
Kegalle,2025-07-31,100
Kegalle,2025-08-01,100
Kegalle,2025-08-02,100
Kegalle,2025-08-03,95
Kegalle,2025-08-04,100
Kegalle,2025-08-05,98
Kegalle,2025-08-06,100
Kegalle,2025-08-07,99
Kegalle,2025-08-08,100
Kegalle,2025-08-09,100
Kegalle,2025-08-10,98
Kegalle,2025-08-11,97
Kegalle,2025-08-12,100
Kegalle,2025-08-13,100
Kegalle,2025-08-14,100
Kegalle,2025-08-15,100
Kegalle,2025-08-16,98
Kegalle,2025-08-17,99
Kegalle,2025-08-18,100
Kegalle,2025-08-19,67
Kegalle,2025-08-20,100
Kegalle,2025-08-21,99
Kegalle,2025-08-22,79
Kegalle,2025-08-23,100
Kegalle,2025-08-24,100
Kegalle,2025-08-25,95
Kegalle,2025-08-26,98
Kegalle,2025-08-27,100
Kegalle,2025-08-28,100
Kegalle,2025-08-29,100
Kegalle,2025-08-30,100
Kegalle,2025-08-31,85
Kegalle,2025-09-01,87
Kegalle,2025-09-02,87
Kegalle,2025-09-03,89
Kegalle,2025-09-04,86
Kegalle,2025-09-05,74
Kegalle,2025-09-06,90
Kegalle,2025-09-07,84
Kegalle,2025-09-08,87
Kegalle,2025-09-09,88
Kegalle,2025-09-10,100
Kegalle,2025-09-11,100
Kegalle,2025-09-12,100
Kegalle,2025-09-13,98
Kegalle,2025-09-14,100
Kegalle,2025-09-15,97
Kegalle,2025-09-16,100
Kegalle,2025-09-17,99
Kegalle,2025-09-18,66
Kegalle,2025-09-19,100
Kegalle,2025-09-20,99
Kegalle,2025-09-21,95
Kegalle,2025-09-22,98
Kegalle,2025-09-23,100
Kegalle,2025-09-24,77
Kegalle,2025-09-25,100
Kegalle,2025-09-26,100
Kegalle,2025-09-27,100
Kegalle,2025-09-28,98
Kegalle,2025-09-29,100
Kegalle,2025-09-30,72
Kegalle,2025-10-01,100
Kegalle,2025-10-02,100
Kegalle,2025-10-03,96
Kegalle,2025-10-04,45
Kegalle,2025-10-05,60
Kegalle,2025-10-06,100
Kegalle,2025-10-07,95
Kegalle,2025-10-08,100
Kegalle,2025-10-09,100
Kegalle,2025-10-10,69
Kegalle,2025-10-11,100
Kegalle,2025-10-12,100
Kegalle,2025-10-13,45
Kegalle,2025-10-14,98
Kegalle,2025-10-15,100
Kegalle,2025-10-16,59
Kegalle,2025-10-17,99
Kegalle,2025-10-18,100
Kegalle,2025-10-19,100
Kegalle,2025-10-20,49
Kegalle,2025-10-21,100
Kegalle,2025-10-22,100
Kegalle,2025-10-23,100
Kegalle,2025-10-24,100
Kegalle,2025-10-25,100
Kegalle,2025-10-26,69
Kegalle,2025-10-27,73
Kegalle,2025-10-28,84
Kegalle,2025-10-29,83
Kegalle,2025-10-30,77
Kegalle,2025-10-31,80
Kegalle,2025-11-01,80
Kegalle,2025-11-02,84
Kegalle,2025-11-03,84
Kegalle,2025-11-04,81
Kegalle,2025-11-05,60
Kegalle,2025-11-06,80
Kegalle,2025-11-07,81
Kegalle,2025-11-08,79
Kegalle,2025-11-09,41
Kegalle,2025-11-10,80
Kegalle,2025-11-11,84
Kegalle,2025-11-12,81
Kegalle,2025-11-13,69
Kegalle,2025-11-14,79
Kegalle,2025-11-15,100
Kegalle,2025-11-16,99
Kegalle,2025-11-17,99
Kegalle,2025-11-18,100
Kegalle,2025-11-19,100
Kegalle,2025-11-20,98
Kegalle,2025-11-21,100
Kegalle,2025-11-22,42
Kegalle,2025-11-23,100
Kegalle,2025-11-24,99
Kegalle,2025-11-25,96
Kegalle,2025-11-26,70
Kegalle,2025-11-27,46
Kegalle,2025-11-28,100
Kegalle,2025-11-29,100
Kegalle,2025-11-30,100
Kegalle,2025-12-01,100
Kegalle,2025-12-02,98
Kegalle,2025-12-03,99
Kegalle,2025-12-04,100
Kegalle,2025-12-05,100
Kegalle,2025-12-06,100
Kegalle,2025-12-07,97
Kegalle,2025-12-08,99
Kegalle,2025-12-09,100
Kegalle,2025-12-10,100
Kegalle,2025-12-11,100
Kegalle,2025-12-12,99
Kegalle,2025-12-13,100
Kegalle,2025-12-14,100
Kegalle,2025-12-15,97
Kegalle,2025-12-16,100
Kegalle,2025-12-17,100
Kegalle,2025-12-18,100
Kegalle,2025-12-19,100
Kegalle,2025-12-20,64
Kegalle,2025-12-21,95
Kegalle,2025-12-22,97
Kegalle,2025-12-23,98
Kegalle,2025-12-24,98
Kegalle,2025-12-25,100
Kegalle,2025-12-26,100
Kegalle,2025-12-27,99
Kegalle,2025-12-28,100
Kegalle,2025-12-29,100
Kegalle,2025-12-30,98
Kegalle,2025-12-31,99
Kegalle,2026-01-01,100
Kegalle,2026-01-02,100
Kegalle,2026-01-03,98
Kegalle,2026-01-04,100
Kegalle,2026-01-05,100
Kegalle,2026-01-06,100
Kegalle,2026-01-07,64
Kegalle,2026-01-08,100
Kegalle,2026-01-09,97
Kegalle,2026-01-10,99
Kegalle,2026-01-11,100
Kegalle,2026-01-12,98
Kegalle,2026-01-13,100
Kegalle,2026-01-14,100
Kegalle,2026-01-15,73
Kegalle,2026-01-16,99
Kegalle,2026-01-17,100
Kegalle,2026-01-18,100
Kegalle,2026-01-19,100
Kegalle,2026-01-20,100
Kegalle,2026-01-21,100
Kegalle,2026-01-22,99
Kegalle,2026-01-23,100
Kegalle,2026-01-24,98
Kegalle,2026-01-25,100
Kegalle,2026-01-26,100
Kegalle,2026-01-27,99
Kegalle,2026-01-28,100
Kegalle,2026-01-29,100
Kegalle,2026-01-30,100
Kegalle,2026-01-31,96
Kegalle,2026-02-01,98
Kegalle,2026-02-02,100
Kegalle,2026-02-03,89
Kegalle,2026-02-04,87
Kegalle,2026-02-05,92
Kegalle,2026-02-06,88
Kegalle,2026-02-07,89
Kegalle,2026-02-08,87
Kegalle,2026-02-09,87
Kegalle,2026-02-10,89
Kegalle,2026-02-11,87
Kegalle,2026-02-12,89
Kegalle,2026-02-13,88
Kegalle,2026-02-14,88
Kegalle,2026-02-15,87
Kegalle,2026-02-16,90
Kegalle,2026-02-17,88
Kegalle,2026-02-18,100
Kegalle,2026-02-19,78
Kegalle,2026-02-20,99
Kegalle,2026-02-21,82
Kegalle,2026-02-22,100
Kegalle,2026-02-23,62
Kegalle,2026-02-24,100
Kegalle,2026-02-25,100
Kegalle,2026-02-26,100
Kegalle,2026-02-27,100
Kegalle,2026-02-28,99
Kegalle,2026-03-01,51
Kegalle,2026-03-02,67
Kegalle,2026-03-03,98
Kegalle,2026-03-04,100
Kegalle,2026-03-05,48
Kegalle,2026-03-06,98
Kegalle,2026-03-07,98
Kegalle,2026-03-08,100
Kegalle,2026-03-09,96
Kegalle,2026-03-10,45
Kegalle,2026-03-11,48
Kegalle,2026-03-12,100
Kegalle,2026-03-13,54
Kegalle,2026-03-14,58
Kegalle,2026-03-15,100
Kegalle,2026-03-16,100
Kegalle,2026-03-17,96
Kegalle,2026-03-18,96
Kegalle,2026-03-19,100
Kegalle,2026-03-20,100
Kegalle,2026-03-21,100
Kegalle,2026-03-22,99
Kegalle,2026-03-23,97
Kegalle,2026-03-24,66
Kegalle,2026-03-25,100
Kegalle,2026-03-26,100
Kegalle,2026-03-27,99
Kegalle,2026-03-28,74
Kegalle,2026-03-29,97
Kegalle,2026-03-30,100
Kegalle,2026-03-31,100
Kegalle,2026-04-01,97
Kegalle,2026-04-02,100
Kegalle,2026-04-03,100
Kegalle,2026-04-04,100
Kegalle,2026-04-05,100
Kegalle,2026-04-06,100
Kegalle,2026-04-07,99
Kegalle,2026-04-08,100
Kegalle,2026-04-09,99
Kegalle,2026-04-10,97
Kegalle,2026-04-11,100
Kegalle,2026-04-12,99
Kegalle,2026-04-13,100
Kegalle,2026-04-14,100
Kegalle,2026-04-15,99
Kegalle,2026-04-16,67
Kegalle,2026-04-17,40
Kegalle,2026-04-18,99
Kegalle,2026-04-19,47
Kegalle,2026-04-20,97
Kegalle,2026-04-21,96
Kegalle,2026-04-22,100
Kegalle,2026-04-23,100
Kegalle,2026-04-24,50
Kegalle,2026-04-25,100
Kegalle,2026-04-26,51
Kegalle,2026-04-27,100
Kegalle,2026-04-28,55
Kegalle,2026-04-29,99
Kegalle,2026-04-30,80
Kegalle,2026-05-01,98
Kegalle,2026-05-02,100
Kegalle,2026-05-03,62
Kegalle,2026-05-04,100
Kegalle,2026-05-05,45
Kegalle,2026-05-06,98
Kegalle,2026-05-07,97
Kegalle,2026-05-08,100
Kegalle,2026-05-09,72
Kegalle,2026-05-10,100
Kegalle,2026-05-11,99
Kegalle,2026-05-12,99
Kegalle,2026-05-13,100
Kegalle,2026-05-14,100
Kegalle,2026-05-15,65
Kegalle,2026-05-16,100
Kegalle,2026-05-17,98
Kegalle,2026-05-18,98
Kegalle,2026-05-19,98
Kegalle,2026-05-20,98
Kegalle,2026-05-21,100
Kegalle,2026-05-22,100
Kegalle,2026-05-23,97
Kegalle,2026-05-24,64
Kegalle,2026-05-25,97
Kegalle,2026-05-26,99
Kegalle,2026-05-27,100
Kegalle,2026-05-28,100
Kegalle,2026-05-29,99
Kegalle,2026-05-30,100
Kegalle,2026-05-31,100
Kegalle,2026-06-01,99
Kegalle,2026-06-02,100
Kegalle,2026-06-03,99
Kegalle,2026-06-04,97
Kegalle,2026-06-05,100
Kegalle,2026-06-06,64
Kegalle,2026-06-07,100
Kegalle,2026-06-08,96
Kegalle,2026-06-09,100
Kegalle,2026-06-10,99
Kegalle,2026-06-11,64
Kegalle,2026-06-12,100
Kegalle,2026-06-13,47
Kegalle,2026-06-14,58
Kegalle,2026-06-15,99
Kegalle,2026-06-16,66
Kegalle,2026-06-17,100
Kegalle,2026-06-18,100
Kegalle,2026-06-19,100
Kegalle,2026-06-20,45
Kegalle,2026-06-21,99
Kegalle,2026-06-22,100
Kegalle,2026-06-23,100
Kegalle,2026-06-24,83
Kegalle,2026-06-25,59
Kegalle,2026-06-26,85
Kegalle,2026-06-27,86
Kegalle,2026-06-28,84
